$MeshFormat
4.1 0 8
$EndMeshFormat
$Entities
10 15 7 1
1 0 0 0.2 0 
2 0 0 0 0 
3 0 0.2 0.2 0 
4 0 0.2 0 0 
5 1 0 0 0 
6 1 0 0.2 0 
7 1 0.2 0.2 0 
8 0.53 0.1 0.2 0 
9 1 0.2 0 0 
10 0.53 0.1 0 0 
1 -1e-07 -1e-07 -1.000000000028756e-07 1e-07 1e-07 0.2000001 0 2 2 -1 
2 -1e-07 -1.000000000028756e-07 0.1999999 1e-07 0.2000001 0.2000001 0 2 1 -3 
3 -1e-07 0.1999999 -1.000000000028756e-07 1e-07 0.2000001 0.2000001 0 2 4 -3 
4 -1e-07 -1.000000000028756e-07 -1e-07 1e-07 0.2000001 1e-07 0 2 2 -4 
5 -9.999999994736442e-08 -1e-07 -1e-07 1.0000001 1e-07 1e-07 0 2 2 -5 
6 0.9999999000000001 -1e-07 -1.000000000028756e-07 1.0000001 1e-07 0.2000001 0 2 5 -6 
7 -9.999999994736442e-08 -1e-07 0.1999999 1.0000001 1e-07 0.2000001 0 2 1 -6 
8 -9.999999994736442e-08 0.1999999 0.1999999 1.0000001 0.2000001 0.2000001 0 2 3 -7 
9 0.9999999000000001 -1.000000000028756e-07 0.1999999 1.0000001 0.2000001 0.2000001 0 2 6 -7 
10 0.4699999 0.0699999 0.1999999 0.5300001 0.1300001 0.2000001 0 2 8 -8 
11 -9.999999994736442e-08 0.1999999 -1e-07 1.0000001 0.2000001 1e-07 0 2 4 -9 
12 0.9999999000000001 0.1999999 -1.000000000028756e-07 1.0000001 0.2000001 0.2000001 0 2 9 -7 
13 0.9999999000000001 -1.000000000028756e-07 -1e-07 1.0000001 0.2000001 1e-07 0 2 5 -9 
14 0.4699999 0.0699999 -1e-07 0.5300001 0.1300001 1e-07 0 2 10 -10 
15 0.5299999000000001 0.0999999 -1.000000000028756e-07 0.5300001 0.1000001 0.2000001 0 2 10 -8 
1 -1e-07 -1.000000000028756e-07 -1.000000000028756e-07 1e-07 0.2000001 0.2000001 1 1 4 -1 4 3 -2 
2 -9.999999994736442e-08 -1e-07 -1.000000000028756e-07 1.0000001 1e-07 0.2000001 0 4 -5 1 7 -6 
3 -9.999999994736442e-08 -1.000000000028756e-07 0.1999999 1.0000001 0.2000001 0.2000001 0 5 -2 7 9 -8 -10 
4 -9.999999994736442e-08 0.1999999 -1.000000000028756e-07 1.0000001 0.2000001 0.2000001 0 4 -11 3 8 -12 
5 -9.999999994736442e-08 -1.000000000028756e-07 -1e-07 1.0000001 0.2000001 1e-07 0 5 -4 5 13 -11 -14 
6 0.9999999000000001 -1.000000000028756e-07 -1.000000000028756e-07 1.0000001 0.2000001 0.2000001 1 2 4 -6 13 12 -9 
7 0.4699999 0.0699999 -1.000000000028756e-07 0.5300001 0.1300001 0.2000001 0 4 -10 -15 14 15 
3 -9.999999994736442e-08 -1.000000000028756e-07 -1.000000000028756e-07 1.0000001 0.2000001 0.2000001 1 3 7 -1 -2 3 4 -5 6 -7 
$EndEntities
$Nodes
33 949 1 949
0 1 0 1
1
0 0 0.2
0 2 0 1
2
0 0 0
0 3 0 1
3
0 0.2 0.2
0 4 0 1
4
0 0.2 0
0 5 0 1
5
1 0 0
0 6 0 1
6
1 0 0.2
0 7 0 1
7
1 0.2 0.2
0 8 0 1
8
0.53 0.1 0.2
0 9 0 1
9
1 0.2 0
0 10 0 1
10
0.53 0.1 0
1 1 0 3
11
12
13
0 0 0.0500000000000001
0 0 0.1000000000000001
0 0 0.1500000000000001
1 2 0 3
14
15
16
0 0.0500000000000001 0.2
0 0.1000000000000001 0.2
0 0.1500000000000001 0.2
1 3 0 3
17
18
19
0 0.2 0.0500000000000001
0 0.2 0.1000000000000001
0 0.2 0.1500000000000001
1 4 0 3
20
21
22
0 0.0500000000000001 0
0 0.1000000000000001 0
0 0.1500000000000001 0
1 5 0 19
23
24
25
26
27
28
29
30
31
32
33
34
35
36
37
38
39
40
41
0.05 0 0
0.1 0 0
0.15 0 0
0.2 0 0
0.25 0 0
0.3 0 0
0.35 0 0
0.4 0 0
0.45 0 0
0.5 0 0
0.55 0 0
0.6 0 0
0.65 0 0
0.7 0 0
0.75 0 0
0.8 0 0
0.85 0 0
0.9 0 0
0.95 0 0
1 6 0 3
42
43
44
1 0 0.0500000000000001
1 0 0.1000000000000001
1 0 0.1500000000000001
1 7 0 19
45
46
47
48
49
50
51
52
53
54
55
56
57
58
59
60
61
62
63
0.05 0 0.2
0.1 0 0.2
0.15 0 0.2
0.2 0 0.2
0.25 0 0.2
0.3 0 0.2
0.35 0 0.2
0.4 0 0.2
0.45 0 0.2
0.5 0 0.2
0.55 0 0.2
0.6 0 0.2
0.65 0 0.2
0.7 0 0.2
0.75 0 0.2
0.8 0 0.2
0.85 0 0.2
0.9 0 0.2
0.95 0 0.2
1 8 0 19
64
65
66
67
68
69
70
71
72
73
74
75
76
77
78
79
80
81
82
0.05 0.2 0.2
0.1 0.2 0.2
0.15 0.2 0.2
0.2 0.2 0.2
0.25 0.2 0.2
0.3 0.2 0.2
0.35 0.2 0.2
0.4 0.2 0.2
0.45 0.2 0.2
0.5 0.2 0.2
0.55 0.2 0.2
0.6 0.2 0.2
0.65 0.2 0.2
0.7 0.2 0.2
0.75 0.2 0.2
0.8 0.2 0.2
0.85 0.2 0.2
0.9 0.2 0.2
0.95 0.2 0.2
1 9 0 3
83
84
85
1 0.0500000000000001 0.2
1 0.1000000000000001 0.2
1 0.1500000000000001 0.2
1 10 0 11
86
87
88
89
90
91
92
93
94
95
96
0.5259807621135332 0.115 0.2
0.5149999999999999 0.1259807621135332 0.2
0.4999999999999999 0.13 0.2
0.4849999999999999 0.1259807621135331 0.2
0.4740192378864668 0.1149999999999999 0.2
0.47 0.09999999999999989 0.2
0.4740192378864669 0.08499999999999991 0.2
0.485 0.07401923788646682 0.2
0.5 0.07000000000000001 0.2
0.515 0.07401923788646686 0.2
0.5259807621135332 0.08500000000000002 0.2
1 11 0 19
97
98
99
100
101
102
103
104
105
106
107
108
109
110
111
112
113
114
115
0.05 0.2 0
0.1 0.2 0
0.15 0.2 0
0.2 0.2 0
0.25 0.2 0
0.3 0.2 0
0.35 0.2 0
0.4 0.2 0
0.45 0.2 0
0.5 0.2 0
0.55 0.2 0
0.6 0.2 0
0.65 0.2 0
0.7 0.2 0
0.75 0.2 0
0.8 0.2 0
0.85 0.2 0
0.9 0.2 0
0.95 0.2 0
1 12 0 3
116
117
118
1 0.2 0.0500000000000001
1 0.2 0.1000000000000001
1 0.2 0.1500000000000001
1 13 0 3
119
120
121
1 0.0500000000000001 0
1 0.1000000000000001 0
1 0.1500000000000001 0
1 14 0 11
122
123
124
125
126
127
128
129
130
131
132
0.5259807621135332 0.115 0
0.5149999999999999 0.1259807621135332 0
0.4999999999999999 0.13 0
0.4849999999999999 0.1259807621135331 0
0.4740192378864668 0.1149999999999999 0
0.47 0.09999999999999989 0
0.4740192378864669 0.08499999999999991 0
0.485 0.07401923788646682 0
0.5 0.07000000000000001 0
0.515 0.07401923788646686 0
0.5259807621135332 0.08500000000000002 0
1 15 0 12
133
134
135
136
137
138
139
140
141
142
143
144
0.53 0.1 0.01538461538461537
0.53 0.1 0.03076923076923074
0.53 0.1 0.04615384615384613
0.53 0.1 0.06153846153846151
0.53 0.1 0.0769230769230769
0.53 0.1 0.09230769230769229
0.53 0.1 0.1076923076923077
0.53 0.1 0.1230769230769231
0.53 0.1 0.1384615384615385
0.53 0.1 0.1538461538461539
0.53 0.1 0.1692307692307693
0.53 0.1 0.1846153846153847
2 1 0 15
145
146
147
148
149
150
151
152
153
154
155
156
157
158
159
0 0.07658165242229696 0.04514095486548143
0 0.0769337567297407 0.1578151847792411
0 0.1604646881608335 0.07183803468335942
0 0.1249055851760036 0.1577292096379071
0 0.1006136527555037 0.119048230709083
0 0.04609194270251125 0.1211526285167908
0 0.1281953394742563 0.0389289068198761
0 0.1552943129463217 0.1213941721673849
0 0.03630090137928457 0.07375873251999127
0 0.07547376941434968 0.086386786659804
0 0.03660254037844393 0.1633974596215561
0 0.1633974596215561 0.03660254037844392
0 0.1633974596215562 0.1633974596215562
0 0.03630158654516975 0.03630158654516975
0 0.1187282366408511 0.07999191099197187
2 2 0 82
160
161
162
163
164
165
166
167
168
169
170
171
172
173
174
175
176
177
178
179
180
181
182
183
184
185
186
187
188
189
190
191
192
193
194
195
196
197
198
199
200
201
202
203
204
205
206
207
208
209
210
211
212
213
214
215
216
217
218
219
220
221
222
223
224
225
226
227
228
229
230
231
232
233
234
235
236
237
238
239
240
241
0.625 0 0.04330127018922187
0.8750000000000003 0 0.04330127018922187
0.525 0 0.1566987298107781
0.7250000000000001 0 0.1532999681389402
0.3750000000000001 0 0.04330127018922186
0.125 0 0.04330127018922192
0.2194843539709156 0 0.04226175011124292
0.8249999999999996 0 0.1566987298107778
0.4750000000000001 0 0.04118271434333522
0.175 0 0.1566987298107781
0.325 0 0.1566987298107781
0.4198013603147989 0 0.15580928368792
0.780198639685201 0 0.04419071631208002
0.625 0 0.1566987298107781
0.9247881315359562 0 0.1576613977472085
0.07521186846404382 0 0.1576613977472084
0.03953531183916652 0 0.07183803468335945
0.9604646881608333 0 0.07183803468335923
0.874964688589326 0 0.1568591744668497
0.8499941147648876 0 0.1155427562434548
0.801084362191313 0 0.1142066557710771
0.8250000000000001 0 0.07009618943233409
0.7258664399475335 0 0.04344951120969826
0.7468441799387893 0 0.08190587389876114
0.6941572996689616 0 0.08491324523486389
0.9002649182529077 0 0.1192351431122179
0.6727317462994014 0 0.1574418464167693
0.652404721408569 0 0.1157114604367853
0.5999999999999999 0 0.1133974596215563
0.6741706232694159 0 0.04092587198948451
0.5749999999999998 0 0.1588172856566649
0.325 0 0.04330127018922193
0.3500000000000001 0 0.08448398453255704
0.2944843539709155 0 0.08526036946533813
0.4039397471636319 0 0.08694092187676832
0.3750000000000003 0 0.1299038105676657
0.575 0 0.04118271434333518
0.5250000000000001 0 0.04259508490725972
0.5000000000000002 0 0.08660254037844396
0.5583333333333332 0 0.08062963320843253
0.125035311410674 0 0.1568591744668498
0.09973410087457336 0 0.1188775936752347
0.4741335600524664 0 0.1586690446361885
0.4500000000000003 0 0.1133974596215562
0.1499615687142079 0 0.116456111919068
0.1977253410851028 0 0.1152168118891057
0.1742027779186736 0 0.07076234521727411
0.2246208901808505 0 0.157001955188703
0.25 0 0.1133974596215561
0.2726685613295432 0 0.1580588442583965
0.2731614513236384 0 0.04078576584482103
0.4256566245272719 0 0.04088601861874147
0.777448980732484 0 0.1575767124416892
0.07206826926279322 0 0.03862229270716618
0.0447395942891101 0 0.1213767925081614
0.9279317307372065 0 0.03862229270716597
0.9552603342187238 0 0.1214028529627522
0.8741410385226638 0 0.08482604556921579
0.6016666666666667 0 0.0704804565331338
0.4509192743381809 0 0.07380193096776903
0.3750000000000002 0 0.1694100648860987
0.175 0 0.03058993511390138
0.6412332185022687 0 0.07812162733417427
0.1257386015523719 0 0.08500061157258287
0.5430555555555554 0 0.1203757405621254
0.2499229819378321 0 0.07338115580642716
0.4984378231216045 0 0.1271487030018185
0.326174966353465 0 0.1155203630611361
0.724081783633444 0 0.1148115113769903
0.8249999999999991 0 0.03058993511390149
0.9633974596215561 0 0.03660254037844327
0.03660254037844389 0 0.03660254037844391
0.03660254037844387 0 0.1633974596215562
0.9633974596215561 0 0.1633974596215568
0.9178906208057482 0 0.07996042121653518
0.08210411175838886 0 0.07995135190998759
0.4136095222035916 0 0.1212549209293414
0.2182670909825048 0 0.08300390452912121
0.2936655763307847 0 0.125787153243441
0.7852814628574039 0 0.08150958060056397
0.6936751102020752 0 0.1252356063208698
0.7617458858202488 0 0.1191954631616515
2 3 0 110
242
243
244
245
246
247
248
249
250
251
252
253
254
255
256
257
258
259
260
261
262
263
264
265
266
267
268
269
270
271
272
273
274
275
276
277
278
279
280
281
282
283
284
285
286
287
288
289
290
291
292
293
294
295
296
297
298
299
300
301
302
303
304
305
306
307
308
309
310
311
312
313
314
315
316
317
318
319
320
321
322
323
324
325
326
327
328
329
330
331
332
333
334
335
336
337
338
339
340
341
342
343
344
345
346
347
348
349
350
351
0.4590192378864668 0.110980762113533 0.2
0.5409807621135332 0.08901923788646705 0.2
0.6262760657428472 0.1605495508308464 0.2
0.3729041436822658 0.03885426797017429 0.2
0.8706306345479511 0.04276288379014546 0.2
0.7307091856216791 0.03528385669893497 0.2
0.125 0.04330127018922192 0.2
0.2261099857155777 0.04373969704652727 0.2
0.325 0.1566987298107781 0.2
0.5296356470576176 0.07032710944611285 0.2
0.5496667070689201 0.06773550142386592 0.2
0.5623493429274807 0.09007283092556236 0.2
0.4703643529423822 0.129672890553887 0.2
0.4503332929310796 0.1322644985761339 0.2
0.4375609708276844 0.1092240414828158 0.2
0.8263606169730956 0.1562226680090918 0.2
0.175 0.1566987298107781 0.2
0.4681429067369363 0.07081012188669232 0.2
0.5321950783127398 0.1293256293986199 0.2
0.4848818716822548 0.05454419840557286 0.2
0.5153607413764578 0.1455144991668789 0.2
0.5109807621135329 0.05901923788646678 0.2
0.4890192378864667 0.1409807621135331 0.2
0.7232213058024992 0.1559105399404701 0.2
0.629976917400155 0.04276635327296795 0.2
0.9241558060231113 0.1618978856755164 0.2
0.07938188632531541 0.1577253456262093 0.2
0.4231500901525336 0.1341397604623328 0.2
0.4065355688309365 0.1078807592105848 0.2
0.4251078139904862 0.08203106677772612 0.2
0.5442141265170388 0.1100363259036775 0.2
0.5522704256656015 0.1295631811814413 0.2
0.0477787863838805 0.0793972075714517 0.2
0.9573537566445423 0.07281864257664641 0.2
0.3902165124568724 0.1363517669198071 0.2
0.3713083616740306 0.1068149481570524 0.2
0.5760015557611508 0.06722137828343752 0.2
0.5897477284314057 0.09385515487649376 0.2
0.4569362254031065 0.04277801660249089 0.2
0.454674245497551 0.08978940197945912 0.2
0.5302006824921681 0.04769088350030821 0.2
0.4697993175078312 0.1523091164996914 0.2
0.5820344053375599 0.1628480645688384 0.2
0.3261995739508572 0.04006705973551662 0.2
0.2764630392543576 0.04236794036400691 0.2
0.2518355067492132 0.08609010884042735 0.2
0.2006770018091401 0.08480674139820585 0.2
0.3031807597192104 0.07936087716144917 0.2
0.2221976533846191 0.1282866749229178 0.2
0.2831360549918979 0.1260741895461351 0.2
0.6741550476578256 0.1584173024123041 0.2
0.6448985265577164 0.1182193492828858 0.2
0.6946687160764921 0.1168522443122018 0.2
0.7456503050799408 0.1126461455321617 0.2
0.669327791065364 0.07782065208409725 0.2
0.5545771399307139 0.04090233191747805 0.2
0.4207394161042124 0.04468502993373171 0.2
0.4470048530254294 0.1600590541405075 0.2
0.7749461806050257 0.1559459153030484 0.2
0.8012365659668286 0.1118217088287142 0.2
0.8542278491680103 0.1160683142581171 0.2
0.7645689897972077 0.07219749594556328 0.2
0.8215264081971692 0.06827289558869104 0.2
0.1750791325630674 0.04320064574738612 0.2
0.1494931735759679 0.08400188908280661 0.2
0.1003181445214786 0.08289533441415126 0.2
0.1263022350798292 0.1266524646965553 0.2
0.6005987677595468 0.1278571524902881 0.2
0.5478095450637861 0.1548237657082728 0.2
0.4451201215464585 0.06601872743602002 0.2
0.8751374128268998 0.1594178675119917 0.2
0.5718962397278007 0.1147259148858485 0.2
0.0766165785473005 0.04036605875887813 0.2
0.9225480947161667 0.04188566201357359 0.2
0.903045504213424 0.08581600150880377 0.2
0.04122703548204125 0.1254512085610794 0.2
0.9494822235761884 0.1228835375779308 0.2
0.4982281571414449 0.1654586825682134 0.2
0.5018104100732853 0.03453557114981465 0.2
0.3911537823252025 0.07560733829210811 0.2
0.5907319912056259 0.03779124682567746 0.2
0.6325633408918645 0.08201099934662244 0.2
0.3503273896692836 0.07337795770337945 0.2
0.6784254351863547 0.03704604520018807 0.2
0.4141281842586091 0.1669614832197303 0.2
0.3733792123268179 0.1686997733333903 0.2
0.3588504460637967 0.1351025085584725 0.2
0.3319671686863698 0.1129048684895444 0.2
0.2533667228223042 0.1579431223445677 0.2
0.7121174448438781 0.07746392447825766 0.2
0.9012097591615268 0.129216721306472 0.2
0.6055711139662561 0.06843287124118036 0.2
0.4787257014317294 0.02637155723157568 0.2
0.1747340127699112 0.1160892999822527 0.2
0.5240451596869095 0.1746501132907426 0.2
0.125 0.1693458874178878 0.2
0.9633974596215561 0.03660254037844334 0.2
0.03660254037844389 0.03660254037844391 0.2
0.03660254037844388 0.1633974596215562 0.2
0.9633974596215562 0.1633974596215568 0.2
0.473006465534941 0.1755653706416825 0.2
0.5273176464992335 0.02462575731352019 0.2
0.7819674306026758 0.03384743777727522 0.2
0.8612130531713358 0.07830036619829797 0.2
0.2194482252993514 0.1679959396168744 0.2
0.07939526331743449 0.116620979334737 0.2
0.570921876710859 0.1379636157669378 0.2
0.8249544186457612 0.02775891471762373 0.2
0.2862352507268123 0.1668739256637848 0.2
0.6149401996252128 0.1012982891819238 0.2
2 4 0 83
352
353
354
355
356
357
358
359
360
361
362
363
364
365
366
367
368
369
370
371
372
373
374
375
376
377
378
379
380
381
382
383
384
385
386
387
388
389
390
391
392
393
394
395
396
397
398
399
400
401
402
403
404
405
406
407
408
409
410
411
412
413
414
415
416
417
418
419
420
421
422
423
424
425
426
427
428
429
430
431
432
433
434
0.6210602528363682 0.2 0.156144169144506
0.8756979790800871 0.2 0.1556821291675755
0.5301986396852011 0.2 0.1558092836879202
0.720833333333333 0.2 0.1615683441476831
0.3750000000000001 0.2 0.04330127018922192
0.125 0.2 0.1566987298107781
0.2194843539709156 0.2 0.1577382498887571
0.8249999999999996 0.2 0.04330127018922193
0.6749999999999999 0.2 0.0411827143433349
0.575 0.2 0.04330127018922186
0.4694843539709157 0.2 0.04226175011124299
0.3249999999999999 0.2 0.1566987298107781
0.175 0.2 0.04330127018922192
0.425 0.2 0.156698729810778
0.2789397471636317 0.2 0.04385583085549413
0.9516246458270503 0.2 0.08001411882549841
0.04837535417294964 0.2 0.08001411882549853
0.8745913491193609 0.2 0.04306533549328052
0.8499318915198932 0.2 0.08444466208323365
0.7999886485866488 0.2 0.08624289399590879
0.8306040059128886 0.2 0.1283594154438371
0.8987373696372202 0.2 0.08110172381932659
0.778641982678516 0.2 0.1261988430048332
0.7528733589114591 0.2 0.08461552783625145
0.5240807256618192 0.2 0.04100946099700539
0.545966449332472 0.2 0.08692324296387771
0.6046224181612684 0.2 0.08753780115636384
0.5749999999999993 0.2 0.1299038105676658
0.6736489310282835 0.2 0.159536461268437
0.6500000000000002 0.2 0.1133974596215564
0.7254788931519097 0.2 0.0426170087912085
0.4758664399475335 0.2 0.1565504887903019
0.4478761529573239 0.2 0.1146823296694411
0.3996460254928874 0.2 0.1157301604754236
0.4241966520727057 0.2 0.07071547361380121
0.3749410042488145 0.2 0.1570875132864226
0.3499311716236168 0.2 0.1159695961890282
0.294791527689601 0.2 0.1128754615797656
0.3249999999999995 0.2 0.0700961894323342
0.9586161176608918 0.2 0.1275635720763702
0.1254086508806388 0.2 0.04306533549328052
0.1500681084801065 0.2 0.08444466208323351
0.1977430977127526 0.2 0.08493331711127784
0.1742074001145425 0.2 0.1292767345933214
0.1012626303627794 0.2 0.08110172381932657
0.04138388233910805 0.2 0.1275635720763702
0.225 0.2 0.04330127018922187
0.6257704030268779 0.2 0.04098549849867398
0.698851682038137 0.2 0.08626557997889019
0.2732126469434194 0.2 0.1589035393293629
0.25 0.2 0.0866025403784438
0.7755568167750028 0.2 0.04279611680209844
0.4999999999999996 0.2 0.1133974596215569
0.9277399655005643 0.2 0.1611085416455884
0.9230584707008644 0.2 0.04013061975275813
0.07694152929913529 0.2 0.04013061975275825
0.07237636434611679 0.2 0.1612779750861221
0.6974204955147636 0.2 0.1278616833814571
0.5000940823226139 0.2 0.07308401529477521
0.6508489006452567 0.2 0.07387381071976387
0.8 0.2 0.1604937456815676
0.2499416392336707 0.2 0.1265056172162346
0.5750000000000002 0.2 0.1694100648860988
0.8747398965581881 0.2 0.1139192039044002
0.175 0.2 0.1694100648860987
0.3747547698378419 0.2 0.08316253797996184
0.1259728431880825 0.2 0.1151306986141969
0.425 0.2 0.03058993511390127
0.325 0.2 0.03058993511390137
0.9633974596215561 0.2 0.03660254037844327
0.03660254037844389 0.2 0.03660254037844392
0.03660254037844381 0.2 0.1633974596215562
0.9633974596215559 0.2 0.1633974596215566
0.9165842361662673 0.2 0.1199520307929422
0.08445515553226114 0.2 0.1202150276013761
0.7367688927011307 0.2 0.123643974592227
0.5363904777964088 0.2 0.1212549209293413
0.2182752982063763 0.2 0.1170112918376069
0.4683302482647118 0.2 0.08282820566216349
0.8333601470571657 0.2 0.1676639532185866
0.287182818713308 0.2 0.07835750556150942
0.7629127007500246 0.2 0.1632439258732344
0.612670667749409 0.2 0.121745810122523
2 5 0 110
435
436
437
438
439
440
441
442
443
444
445
446
447
448
449
450
451
452
453
454
455
456
457
458
459
460
461
462
463
464
465
466
467
468
469
470
471
472
473
474
475
476
477
478
479
480
481
482
483
484
485
486
487
488
489
490
491
492
493
494
495
496
497
498
499
500
501
502
503
504
505
506
507
508
509
510
511
512
513
514
515
516
517
518
519
520
521
522
523
524
525
526
527
528
529
530
531
532
533
534
535
536
537
538
539
540
541
542
543
544
0.4590192378864668 0.110980762113533 0
0.5409807621135332 0.08901923788646705 0
0.6262760657428472 0.1605495508308464 0
0.3729041436822659 0.03885426797017431 0
0.8706306345479511 0.04276288379014546 0
0.7307091856216791 0.03528385669893497 0
0.125 0.04330127018922192 0
0.2261099857155777 0.04373969704652727 0
0.325 0.1566987298107781 0
0.5296356470576176 0.07032710944611285 0
0.5496667070689201 0.06773550142386592 0
0.5623493429274807 0.09007283092556236 0
0.4703643529423822 0.129672890553887 0
0.4503332929310796 0.1322644985761339 0
0.4375609708276844 0.1092240414828159 0
0.8263606169730956 0.1562226680090918 0
0.175 0.1566987298107781 0
0.4681429067369363 0.07081012188669231 0
0.5321950783127398 0.1293256293986199 0
0.4848818716822548 0.05454419840557286 0
0.5153607413764579 0.1455144991668789 0
0.4890192378864667 0.1409807621135331 0
0.5109807621135329 0.05901923788646678 0
0.7232213058024992 0.1559105399404701 0
0.629976917400155 0.04276635327296795 0
0.9241558060231113 0.1618978856755164 0
0.07938188632531541 0.1577253456262093 0
0.4231500901525335 0.1341397604623329 0
0.4065355688309365 0.1078807592105849 0
0.4251078139904862 0.08203106677772613 0
0.5442141265170388 0.1100363259036774 0
0.5522704256656015 0.1295631811814412 0
0.0477787863838805 0.0793972075714517 0
0.9573537566445423 0.07281864257664641 0
0.3902165124568722 0.1363517669198071 0
0.3713083616740306 0.1068149481570522 0
0.5760015557611508 0.06722137828343752 0
0.5897477284314057 0.09385515487649376 0
0.4569362254031065 0.0427780166024909 0
0.454674245497551 0.08978940197945913 0
0.5302006824921681 0.04769088350030821 0
0.4697993175078313 0.1523091164996914 0
0.5820344053375599 0.1628480645688384 0
0.3261995739508572 0.04006705973551659 0
0.2764630392543576 0.04236794036400691 0
0.2518355067492132 0.08609010884042735 0
0.2006770018091401 0.08480674139820585 0
0.3031807597192104 0.07936087716144902 0
0.2221976533846191 0.1282866749229178 0
0.2831360549918979 0.126074189546135 0
0.6741550476578256 0.1584173024123041 0
0.6448985265577164 0.1182193492828858 0
0.6946687160764921 0.1168522443122018 0
0.7456503050799408 0.1126461455321617 0
0.669327791065364 0.07782065208409725 0
0.5545771399307139 0.04090233191747805 0
0.4207394161042125 0.04468502993373177 0
0.4470048530254294 0.1600590541405077 0
0.7749461806050257 0.1559459153030484 0
0.8012365659668286 0.1118217088287142 0
0.8542278491680103 0.1160683142581171 0
0.7645689897972077 0.07219749594556328 0
0.8215264081971692 0.06827289558869104 0
0.1750791325630674 0.04320064574738612 0
0.1494931735759679 0.08400188908280661 0
0.1003181445214786 0.08289533441415126 0
0.1263022350798292 0.1266524646965553 0
0.6005987677595468 0.1278571524902881 0
0.5478095450637861 0.1548237657082727 0
0.4451201215464585 0.06601872743602004 0
0.8751374128268998 0.1594178675119917 0
0.5718962397278006 0.1147259148858484 0
0.0766165785473005 0.04036605875887813 0
0.9225480947161667 0.04188566201357359 0
0.903045504213424 0.08581600150880377 0
0.04122703548204125 0.1254512085610794 0
0.9494822235761884 0.1228835375779308 0
0.5018104100732853 0.03453557114981465 0
0.498228157141445 0.1654586825682133 0
0.3911537823252025 0.07560733829210808 0
0.5907319912056259 0.03779124682567746 0
0.6325633408918645 0.08201099934662244 0
0.3503273896692836 0.07337795770337928 0
0.6784254351863547 0.03704604520018807 0
0.4141281842586091 0.1669614832197303 0
0.3733792123268177 0.1686997733333902 0
0.3588504460637965 0.1351025085584723 0
0.3319671686863698 0.1129048684895443 0
0.2533667228223042 0.1579431223445677 0
0.7121174448438781 0.07746392447825766 0
0.9012097591615268 0.129216721306472 0
0.6055711139662561 0.06843287124118036 0
0.4787257014317294 0.02637155723157568 0
0.1747340127699112 0.1160892999822527 0
0.5240451596869096 0.1746501132907424 0
0.125 0.1693458874178878 0
0.9633974596215561 0.03660254037844334 0
0.03660254037844389 0.03660254037844391 0
0.03660254037844388 0.1633974596215562 0
0.9633974596215562 0.1633974596215568 0
0.4730064655349411 0.1755653706416825 0
0.5273176464992335 0.02462575731352019 0
0.7819674306026758 0.03384743777727522 0
0.8612130531713358 0.07830036619829797 0
0.2194482252993514 0.1679959396168744 0
0.07939526331743449 0.116620979334737 0
0.5709218767108589 0.1379636157669378 0
0.8249544186457612 0.02775891471762373 0
0.2862352507268123 0.1668739256637848 0
0.6149401996252128 0.1012982891819238 0
2 6 0 15
545
546
547
548
549
550
551
552
553
554
555
556
557
558
559
1 0.0433012701892219 0.07500000000000008
1 0.1590776374537428 0.07280717916231402
1 0.07521186846404389 0.1576613977472084
1 0.124801000125852 0.1577198688317827
1 0.1000000000000001 0.1133974596215562
1 0.04251927983861829 0.1265760528317201
1 0.09593114918618022 0.05834546447205195
1 0.1526866555835475 0.1202073948983303
1 0.0620627653014986 0.03536978381504696
1 0.1250000000000001 0.03105803805736789
1 0.03660254037844393 0.1633974596215561
1 0.1633974596215562 0.1633974596215562
1 0.1643804438938708 0.0349918413348582
1 0.1233557821755957 0.08231977889921537
1 0.02918530128427721 0.02969609192961666
2 7 0 164
560
561
562
563
564
565
566
567
568
569
570
571
572
573
574
575
576
577
578
579
580
581
582
583
584
585
586
587
588
589
590
591
592
593
594
595
596
597
598
599
600
601
602
603
604
605
606
607
608
609
610
611
612
613
614
615
616
617
618
619
620
621
622
623
624
625
626
627
628
629
630
631
632
633
634
635
636
637
638
639
640
641
642
643
644
645
646
647
648
649
650
651
652
653
654
655
656
657
658
659
660
661
662
663
664
665
666
667
668
669
670
671
672
673
674
675
676
677
678
679
680
681
682
683
684
685
686
687
688
689
690
691
692
693
694
695
696
697
698
699
700
701
702
703
704
705
706
707
708
709
710
711
712
713
714
715
716
717
718
719
720
721
722
723
0.5270414201180347 0.08700917254367733 0.1
0.5270412428279931 0.1129911964929143 0.1153849763415181
0.5270414201183654 0.1129908274556343 0.06923076923076921
0.4713819820662725 0.09099949726154959 0.1855820868428615
0.471593420555378 0.09035291524571401 0.01568040817598647
0.4922354286469243 0.128977774788672 0.1865902736601998
0.5270529440833396 0.08703318788507741 0.05380216108998986
0.5270444839637014 0.0870155521050337 0.146167761217134
0.4924939607228941 0.1290458150922046 0.01675269549863463
0.5270414201183314 0.1129908274557051 0.1461538461538462
0.5077645713530757 0.07102222521132798 0.01340972633985363
0.5077645713530757 0.07102222521132798 0.1865902736601464
0.5270414201183443 0.1129908274556781 0.03846153846153844
0.527041420118344 0.1129908274556789 0.176923076923077
0.5211409648029961 0.1212851969029764 0.01294359807968214
0.527041420117581 0.08700917254273294 0.02307692307692305
0.527041420117581 0.08700917254273294 0.1769230769230769
0.5270414201183314 0.1129908274557051 0.1
0.5187389759261016 0.1234275645605979 0.1076923076923308
0.518741091179502 0.1234258724789835 0.1230945266951105
0.5067216083812136 0.1292373046084895 0.1153961394201787
0.5067437771870518 0.1292321991860243 0.1000154878059313
0.5067275034170161 0.1292359487236867 0.1308161414191966
0.4933643532010258 0.1292569340765444 0.1231133475963654
0.4933702759007643 0.1292582767498022 0.1385446130985404
0.4813129787656533 0.1234690271930278 0.130833216849734
0.4813132248493184 0.1234692231330282 0.1154045967547134
0.4813187385859453 0.1234736122482193 0.1462698165041323
0.4729707816472344 0.1130161958819972 0.1385591172060974
0.4729729036263516 0.1130206014304072 0.1540071824227836
0.4700000149360305 0.09997006404158157 0.1462922779606747
0.4700000290283897 0.09995826629010048 0.1308616959047682
0.4729973693565276 0.08692873616163281 0.1385678426134891
0.4729987817277211 0.08692581888557635 0.1231309852961252
0.4813583019323275 0.07649495600613065 0.1308481490246423
0.4813577194252425 0.07649541800048296 0.1462923040075506
0.4813598704751214 0.07649371209025665 0.1154125137610923
0.4934142413908228 0.0707317956898335 0.1231300003451334
0.4730001496304878 0.08692299422558999 0.1076940930780069
0.4813618203546856 0.07649216599707695 0.09997772650948081
0.4730016468781849 0.08691990333713955 0.09225628187574153
0.4813673145628098 0.07648781096114782 0.08453802470884941
0.4730005521050333 0.08692216327648275 0.07680587866294292
0.4813741058206444 0.07648243069491564 0.0690825173100561
0.4730027949937929 0.08691753380081474 0.06136007245971115
0.4700000052665338 0.09998222383620572 0.06907284940501435
0.4813810256059666 0.07647695188725898 0.05362510080549451
0.4700000088458192 0.09997696200801291 0.05361867687593125
0.4729822206801603 0.1130399233366014 0.06135634797117623
0.4934438249950363 0.07072515466643267 0.07681068129664254
0.4729813634421488 0.1130381470521982 0.07681555567379131
0.4813441750405654 0.1234938331287795 0.06908835613375186
0.4813472929484591 0.1234963086387926 0.05362709053683565
0.4934220490508997 0.1292699600497034 0.0613599568473443
0.4933836514423095 0.1292613043414532 0.1539922552262153
0.4934265935130072 0.1292709809735984 0.04589862456341035
0.4813486929811508 0.12349741999643 0.03816258364101321
0.4813386814901511 0.1234894697997628 0.08454198598655252
0.4729814216273097 0.1130382676272116 0.0922661188962324
0.5068087777642035 0.1292171276027896 0.05363913462891814
0.5067959511333997 0.1292201137607717 0.06907351289154942
0.5068169027976749 0.1292152329487042 0.03818086364936338
0.4700000101658924 0.09997530276447951 0.1617465138930637
0.4730158141020244 0.1131092986625332 0.1690132537443832
0.4934004688116226 0.1292651018808005 0.07679609357410827
0.5067679389128362 0.1292266146324222 0.08451427729735392
0.4934216956385939 0.07073011937624779 0.09223970195964393
0.506792166885501 0.07077900636529443 0.08454109728763623
0.5067670673652505 0.07077318355902987 0.09997779030195475
0.5068202550137106 0.0707855494395675 0.06912023571293488
0.5188143956086513 0.07663296086618671 0.07685483938277304
0.4934177130464998 0.07073101473467554 0.107692461407413
0.5187946635861757 0.07661708699322335 0.09226726544209529
0.52706455279506 0.08705743526176495 0.08455592554741079
0.4700000027865278 0.0999870697386922 0.08451842351878833
0.4729756878862833 0.1130263791891848 0.1231512953238544
0.4729921211308532 0.0869395835062777 0.1540131157060168
0.481353849714672 0.07649848771808583 0.1617431416731912
0.4934460673667082 0.07072465257186053 0.1540351997637613
0.4931817697049911 0.07078507683316244 0.1653050903655195
0.5067618036024454 0.07077196530654249 0.1592314365997075
0.506790601071815 0.07077864244968304 0.1450437127749147
0.4812764928491174 0.07656007081984148 0.1742783242080019
0.4934661840258272 0.07072015627064167 0.1385944894724252
0.5067871130875782 0.07077783211436181 0.1302871181866672
0.5067765940416867 0.07077539096593122 0.1151534598922419
0.5188108495479431 0.07663010613450183 0.1231256229738936
0.5188003506084016 0.07662165923335927 0.1076275940771427
0.493456756633089 0.07072226159278394 0.06136517497347407
0.4934740698923128 0.07071839764921356 0.04590594969493064
0.4813867422947868 0.07647242814059804 0.03815547889228996
0.4932218652998665 0.07077574825616838 0.03479274181021308
0.5068177212815 0.07078495804336776 0.04071753330419672
0.4813258986909131 0.07652069123040547 0.02563258912448294
0.472951059343057 0.08702483875486794 0.0333110467606921
0.4700810128617827 0.1022032268660278 0.02606871197883018
0.5068205400513629 0.0707856159844546 0.05484702761701296
0.5188309793676966 0.07664632328618504 0.06143218434723161
0.5188797032233763 0.07668569524525262 0.04596907188579083
0.470000032137583 0.09995608811157257 0.09997106021160171
0.4933705934934386 0.1292583487123037 0.1077009684331914
0.4933859321339024 0.1292618199410538 0.0922579665359764
0.4700000296765077 0.09995780296717993 0.1154155017079436
0.4729888347873472 0.08694638158000731 0.047611020014205
0.5270475632832103 0.0870219677747074 0.1307932022068782
0.5270446605590191 0.08701591993064445 0.1153881706383977
0.5270427343745961 0.08701190862578212 0.161545863522172
0.5270414161501364 0.1129908357158091 0.05384615432471654
0.5270416896348306 0.11299026642119 0.08461522117303658
0.5187421113767618 0.1234250562676177 0.09228372670296947
0.5270411900095597 0.1129913064341846 0.1307709618144176
0.5067437610704242 0.1292322029040754 0.1462507528645067
0.5067734921986677 0.1292253281150886 0.1617048113193472
0.4933944503733002 0.1292637440210443 0.1694529943111403
0.5068673622999995 0.129203413071772 0.1753232936658707
0.5187536273896936 0.1234158377968531 0.1385193937387889
0.5187859112286241 0.1233899452609505 0.1538521616567396
0.4813337234674413 0.1234855300219103 0.1616807002268703
0.4729390133567895 0.0870499806217912 0.1665864050767662
0.4730131148660909 0.1131037410982206 0.04767960759046397
0.5270414201183314 0.1129908274557051 0.1615384615384615
0.4813317641696674 0.123483972640571 0.09998754875331056
0.4729805338047794 0.1130364276749934 0.1077133603282645
0.5270567146922331 0.08704105752528024 0.06917213534660768
0.5187462908288903 0.1234217117256332 0.0768968337197847
0.518748231821475 0.1234201580602743 0.06151858654735692
0.5187488512411332 0.1234196621909424 0.04615384615382109
0.4813427487278603 0.1234927004613825 0.1771070367724603
0.518805288315299 0.07662563088811858 0.1384375376284531
0.5187797950143357 0.07660514374441395 0.1539055975042266
0.5187486940248107 0.07658021194878084 0.1692307692292444
0.5189217391080122 0.1232802016556628 0.1668115289544765
0.4731142015268472 0.1133099151184753 0.1799893537567631
0.4922354286469244 0.07102222521132795 0.1866895911152325
0.4922354286469244 0.07102222521132795 0.01322829079108472
0.5270531153755015 0.0870335452617222 0.03841587945607003
0.5189192231549519 0.07671775364761524 0.03076897036733869
0.5077558590289041 0.1289801078452749 0.013404859532539
0.4787867965644034 0.1212132034355963 0.01340972633980025
0.515301580631878 0.1258042948007911 0.0240498309049595
0.5206516819521176 0.07823976028283282 0.01466169895394451
0.5206482741135448 0.07823652656095725 0.1854620485015448
0.4710222252113279 0.1077645713530755 0.01242124983367067
0.5272045616252325 0.1126456248077715 0.02372265065505191
0.5208424953840661 0.1215775435618881 0.18555102448111
0.4933620160697522 0.1292564039031076 0.03218461886137092
0.4700152451101482 0.09904371855841984 0.03969473025829934
0.4700122580550454 0.100857515622486 0.1744605772681151
0.4733704543690221 0.1138154731908706 0.0341000296598199
0.4787867965644036 0.07878679656440353 0.1897480134465633
0.482596982572221 0.124436345561651 0.02534618563984467
0.4787867965644036 0.07878679656440354 0.01019497884378488
0.5077645713530754 0.1289777747886721 0.1899687423320028
0.5053223153276895 0.0704758918923426 0.1726860408444939
0.5053689834645212 0.07048434285743077 0.02725029152247113
0.4799646091548468 0.122328974756624 0.1893172293312557
0.5278787576696546 0.08891961775042602 0.01124073492184566
0.5278787576696546 0.08891961775042599 0.1887592650781543
0.5278787576697236 0.1110803822494005 0.188759265078333
0.527837425565033 0.1111838158922279 0.01142004041491652
0.5037541006879597 0.1297641853243905 0.02463196009170741
0.5206424279409458 0.1217690185516678 0.03504761593461514
0.4737763544285361 0.1145712186498673 0.02094223109394963
0.4701525079926258 0.1030211290720077 0.1880911347838306
3 3 0 226
724
725
726
727
728
729
730
731
732
733
734
735
736
737
738
739
740
741
742
743
744
745
746
747
748
749
750
751
752
753
754
755
756
757
758
759
760
761
762
763
764
765
766
767
768
769
770
771
772
773
774
775
776
777
778
779
780
781
782
783
784
785
786
787
788
789
790
791
792
793
794
795
796
797
798
799
800
801
802
803
804
805
806
807
808
809
810
811
812
813
814
815
816
817
818
819
820
821
822
823
824
825
826
827
828
829
830
831
832
833
834
835
836
837
838
839
840
841
842
843
844
845
846
847
848
849
850
851
852
853
854
855
856
857
858
859
860
861
862
863
864
865
866
867
868
869
870
871
872
873
874
875
876
877
878
879
880
881
882
883
884
885
886
887
888
889
890
891
892
893
894
895
896
897
898
899
900
901
902
903
904
905
906
907
908
909
910
911
912
913
914
915
916
917
918
919
920
921
922
923
924
925
926
927
928
929
930
931
932
933
934
935
936
937
938
939
940
941
942
943
944
945
946
947
948
949
0.6054165044113495 0.1217313347448429 0.1153846153846153
0.3950378927208569 0.1216177621763448 0.1231379459573497
0.4040661092869381 0.07567185585449428 0.06907633670464147
0.5894923285856638 0.07738944571903707 0.0614767706054004
0.5814064739041581 0.08374883254281525 0.1461538461538462
0.5652217202133627 0.05111046328875553 0.1077017879558777
0.5656757676996348 0.1494020513371359 0.09230695958249409
0.4344977310678906 0.1495057790616249 0.09999187163549687
0.4200653575880849 0.07934917093584018 0.1462778210227717
0.5610955871707919 0.1456566981096422 0.1538461538461539
0.4411461019654776 0.05010335804108106 0.04588313197172571
0.4256466431414993 0.1147757717217782 0.04558500601033333
0.5723649608225715 0.1187581110458457 0.0461538549870863
0.4367903369340882 0.0521826839065345 0.09997863080617087
0.4398526397250139 0.1451653561275396 0.1462785313253665
0.3053284408592395 0.1066415996951312 0.09211691163903837
0.5544075798297301 0.05409545729552064 0.05375518345219989
0.6985556832854808 0.09517074811134062 0.1051299063482488
0.5322635356431155 0.03878427593325897 0.08453930983826377
0.8711982101228608 0.09967705960090285 0.1016594074559849
0.1623271646565473 0.09987759333445714 0.09999999999999998
0.5278904522711086 0.1627278950982003 0.1385192928544207
0.5523663888777405 0.05557529802713457 0.1616021835678848
0.4478134135475515 0.1446043017527365 0.0613543410394587
0.4721693489184844 0.03646011037389807 0.06907652868187421
0.5662288796735174 0.1173615290551566 0.1230780723769808
0.532811234802382 0.1625234459766856 0.06920553471342625
0.5320076562452181 0.0392183283146243 0.1307754405769306
0.4724553873634873 0.1625019656269625 0.1308341139997928
0.4718723610746119 0.03598058530859084 0.1154081440380516
0.4335145495272935 0.1128566375360984 0.1231382103698784
0.4985150961791388 0.1673369584342437 0.03897703924708154
0.4979516406936162 0.1662210820739699 0.1617136059157706
0.4690507541089726 0.04034541673052171 0.1540218234659649
0.4733862984220721 0.1607376700642842 0.08451490103097536
0.563445037715846 0.0878960985961839 0.08461538461538459
0.5020632368835206 0.03505834985308661 0.04778489286761063
0.7851700995596385 0.08491144645867058 0.1017308094281585
0.4411700345170016 0.1111160210659432 0.1540156096263749
0.4411826458719416 0.1111359548793273 0.0922671805182219
0.5617584824321215 0.1117876713667103 0.1615384615384616
0.3641757528810697 0.1279677595392875 0.06527835191395248
0.5447909406259117 0.1384717214082753 0.1153914923478925
0.5582189508522539 0.08904976248771107 0.05384615384615382
0.4432484029358223 0.08465404018075121 0.1154103183029981
0.5574490156237304 0.08920250426115529 0.1153846153846154
0.631168084143734 0.06172107018972996 0.109596528199242
0.08121266796615267 0.09439552740359691 0.08056170473502865
0.4392210605516232 0.08426134152156357 0.05451423630118191
0.5492644739741436 0.1336157474976654 0.03085007056203477
0.2340981503791931 0.07673419680662123 0.07820277400598823
0.4552904359465667 0.1392978833860715 0.03027872072477924
0.6321781206559445 0.1215995104115557 0.06004516584547791
0.5551686573048937 0.11484145480862 0.07692256994826517
0.5457232807377943 0.0666114519054908 0.09224210952786069
0.353404040109762 0.06625277568158483 0.1307447550010926
0.4554135600772165 0.06138229209611089 0.07680412275063535
0.497997360393043 0.04154324580356463 0.08454112936657797
0.5024081634903858 0.1580453459664978 0.0767738256646588
0.5023169710599957 0.1588628208637897 0.1076896143587784
0.5019811845457621 0.03888692375994968 0.1521128344498441
0.5544462386276221 0.08532617223779097 0.169236512695395
0.4558643355123935 0.1324376615199732 0.08454075035415304
0.5436772236759141 0.06823229960421652 0.1230949280994026
0.4529579962160645 0.06516903114609097 0.1462989566059369
0.4718166514302504 0.04419748396469775 0.03181590305260706
0.4565275715585583 0.1375574000646798 0.1231186903954736
0.5023283560579695 0.0425001702354629 0.1227279457165586
0.456605380722941 0.1376518580733824 0.1694017554902069
0.6455051460973834 0.06579605464540306 0.05384815229733
0.5264949819893964 0.05073823319379524 0.05365868348284044
0.4772077423279493 0.1528465173906528 0.05362608100274317
0.2322216050033329 0.1295566810276537 0.1280516947037589
0.335562821718197 0.1359280355557793 0.1407584892339561
0.9262063624206682 0.1330609462635549 0.06804784691569352
0.5407592034404348 0.135246462152378 0.06920929367583625
0.6296448150546603 0.0970392245666168 0.1520057177197429
0.9300643499476172 0.06847648646269185 0.1321439705563747
0.5255351948282575 0.1476519929163058 0.09998545623399811
0.5503756165133706 0.08627317647062945 0.03072980327839129
0.5511383217264667 0.1093689960428035 0.03846153846153844
0.4748497979355817 0.147269659261013 0.1077110520511431
0.4474984941891879 0.08565736699274829 0.08453270247673807
0.8210328801351835 0.1337882589876509 0.06631497384321938
0.4748944498437659 0.1472214120456892 0.1539631519599569
0.2715574125581198 0.06440150269089559 0.1343693776286044
0.4746860069532673 0.0521835910543646 0.09226235508898915
0.5267746287567673 0.1491909432661254 0.03785480341168436
0.06382880448284566 0.1362409835625349 0.1365736007814561
0.4494671714607384 0.1138281417866133 0.06908473856827098
0.5501811471320103 0.0863047910761023 0.1384848174362847
0.5241405958220577 0.1529147038301357 0.1684328061303967
0.2545165960376557 0.1380619257293292 0.06327840066219013
0.82128576732328 0.1326450130867116 0.1345859211220029
0.3435844410750706 0.07043783055751565 0.06082296919988647
0.7454361284183737 0.1320480433877663 0.06769495585948392
0.7531006614362169 0.1348159104713009 0.1354314319582963
0.1158751643741761 0.06437062404306396 0.1355432354926168
0.9179401594060091 0.1345267057924486 0.1351128702469511
0.9331877135082332 0.06496209068862338 0.06371237451342479
0.2045461494014021 0.0630690277300711 0.1367509266193492
0.5421506345324355 0.1306724571128211 0.138462728514696
0.6629181275629252 0.1410796710653263 0.125037309607363
0.4464715763171302 0.08959249359139099 0.1688772751022278
0.4459619122967794 0.08822896850105634 0.02643492612577823
0.4795791947255451 0.151062363823794 0.02492052740785318
0.5490919220340005 0.1134580671666088 0.1076927310697946
0.4604955920879501 0.06547828236282094 0.1076935875553354
0.4487371553994259 0.09049591673360081 0.1385842066472861
0.4504079192218006 0.1139980164259024 0.02152900355311043
0.8472138891609055 0.05734026031562213 0.1420217966912875
0.737439596654809 0.06710581643709163 0.05994200404453651
0.5023261297072122 0.1541752402888672 0.1385441447397501
0.5214617148542136 0.05092872977252284 0.1075592900519094
0.4498330483024393 0.1093990713177326 0.04597184180068895
0.5390591323798259 0.06622130890105257 0.06915624522265029
0.7391938172055947 0.05747643327723419 0.133706165962549
0.5448070562523709 0.06255864985049153 0.03335487607229405
0.1239452994144305 0.1410493508804637 0.06881868644092164
0.5939278705331734 0.1116487920735549 0.07952910850547311
0.5439898663539704 0.1321228715175629 0.1692307692307881
0.1911341593030073 0.1413551716763226 0.06151553556330554
0.409326712364643 0.09352323886959811 0.1017719491097742
0.1258485475032667 0.1397321861278381 0.1311315698891363
0.5414418571909502 0.1301267832767877 0.09230723795191347
0.4057220173494636 0.1281085069054758 0.0793237575471849
0.1317698738763021 0.06694740371972896 0.05706587292323399
0.5964679053633201 0.08235116597350298 0.1072825760700784
0.4586994685639856 0.06910239993683695 0.05446265279027983
0.8447570412658302 0.05988035949146027 0.05905725402104869
0.05585321894850315 0.07572917979294663 0.1329709881693344
0.5256680358479144 0.05165718812858248 0.1615416275930595
0.05612830000554172 0.1438264477149533 0.0558772471354428
0.5989132076089868 0.1533360872567281 0.06077765201763994
0.4799191217958202 0.1474731706165463 0.1774557152207178
0.6877745657882489 0.1435113845980019 0.05636456430606267
0.5481141794027454 0.1086807988058553 0.1307692307692308
0.6095240048921042 0.1472770277301704 0.1564356651853825
0.3942729562974277 0.156102663674881 0.1564738651937602
0.5201729197800924 0.1468322399280924 0.1231025463240481
0.4799642699775755 0.05275127874516401 0.05362493325079389
0.6793594241372557 0.05344226132310539 0.1388390127495855
0.4532426829754814 0.1129138718923633 0.1308488525667768
0.4584926049134196 0.1302841845371069 0.146280214779223
0.2858836317576922 0.05585442035873819 0.0573045036861457
0.4798080680982026 0.05253053925127409 0.1308943381251965
0.5829323919215238 0.09089122245202298 0.03218420314128993
0.407545225304036 0.1564921015428147 0.04379688983946159
0.3957218661872681 0.0445467585391581 0.1237641639971497
0.3890189894166378 0.1041410091699065 0.1614333546417134
0.5385183672086196 0.06656217666281029 0.1461907629171707
0.05112233019993568 0.05323893530969173 0.05503046935672709
0.4614584201249976 0.06745540834829869 0.03195586526964547
0.6149168167402819 0.0528827561623401 0.1568593347807906
0.5850435979251781 0.05409957224687196 0.03324558507625685
0.5461939762572058 0.09179115333042762 0.06923076923076921
0.1788905286260804 0.12834437407682 0.1454138041665246
0.8735719052371897 0.1498353238213826 0.076965270935479
0.4508051599038351 0.1133766864173876 0.1746977824823536
0.5864584719788216 0.0382622010501254 0.07459395482045385
0.5835007783671751 0.1500440459573674 0.1247267103580566
0.3755250070336818 0.1567208118514422 0.0998894298719978
0.3639544283572929 0.09789983171665972 0.09960563507745981
0.389244094877595 0.09670081920470978 0.03626034480283772
0.4535664183849566 0.1083014982577626 0.1076923518133622
0.3125974821527899 0.1474936307796287 0.05410893798149333
0.7921259048467761 0.06087871795054272 0.1519233631587648
0.5003615396142728 0.1482031406535251 0.01578086841392263
0.1917188325399641 0.06498678859355808 0.04695390301607635
0.54767675069046 0.1085806448418517 0.176923076923077
0.5914049271878798 0.1161184402611459 0.1457181207501095
0.4941801169173384 0.04660931720830486 0.1763318783385486
0.5233216317083553 0.1430719810369778 0.1462094088526653
0.2839714158321316 0.1173437029880453 0.1414820469180012
0.5458683998070408 0.09183119578585155 0.09999999999999999
0.6243101517998249 0.1594390804447658 0.1187084080801577
0.4572915164455537 0.1716201446421149 0.1697516374962504
0.5192448299223396 0.144823488702992 0.07680993696044978
0.7919326649265336 0.0496141247861687 0.0615981159898802
0.8927543174980401 0.04979305106002033 0.09702325431365007
0.4353811237418927 0.03116942356111893 0.1341639403571734
0.5010761747943878 0.148860344103645 0.1833328669044443
0.1704050326684942 0.04654836984501399 0.09836630740303226
0.49796068999612 0.1484885567642791 0.05363189303992785
0.6463158765360473 0.1048539123963126 0.1010626456380424
0.539084121887042 0.07444531186687335 0.1842009186086559
0.5391107838606833 0.07444656831762052 0.01580117036219571
0.519548026907199 0.05479813299899078 0.07684709284013166
0.5021228817235507 0.0511221529300458 0.06198344617972248
0.4610399043784308 0.06720030031012536 0.1679314422216401
0.4999411460525721 0.04947654187134043 0.01835634195813806
0.3115395583391813 0.04933198833553024 0.1031352952667162
0.7114543728486492 0.146203904728161 0.1053200445286494
0.8693144608022026 0.1507080242025588 0.1284596539170934
0.4773645085020641 0.1421083949890623 0.07681901375397684
0.8750490004718605 0.1003892655200382 0.154205812566611
0.8838505917574905 0.1040072185461573 0.04826952746394649
0.6917620853737418 0.09124588752880752 0.04719510836784287
0.3841127144174132 0.06210051708191896 0.1604989005555388
0.7837094680134491 0.1002536402538417 0.05183261074283758
0.396314015508495 0.0408244634869871 0.03976812102453067
0.3743089803633438 0.04107692642144373 0.08168438928442001
0.4162041598881151 0.07045256281432323 0.03190841026750109
0.5724172218071039 0.1047891134739815 0.1016431275911769
0.5426842900029355 0.03453195982531771 0.030022818064441
0.46533456954398 0.1305443262357806 0.1076836086460945
0.5223895473512716 0.05502797753910908 0.02245755724841786
0.680346915183115 0.102345936745762 0.1532572618031511
0.4370066255784267 0.04238261919398956 0.166819331394951
0.7833409575140896 0.1520380076225667 0.09694752272452843
0.5443613697512663 0.1123804654075111 0.0615384569826105
0.4608341467202593 0.1291696013830233 0.05456561643565285
0.2876890630479078 0.1539355595944961 0.09634347795920506
0.6878865822881399 0.05119722633031505 0.07986136849936364
0.5195466679478652 0.05522773237637241 0.1376632538763893
0.1662282230686526 0.1555152775829052 0.1039281938545406
0.4813416029290341 0.1439970012227071 0.1308323134821515
0.4231030675363691 0.1016373919605761 0.07147532167120176
0.6217362635048785 0.08597554156127118 0.07933919479325242
0.544399951275226 0.112389249411194 0.1538461538461539
0.7020039049275631 0.153774038885736 0.1542872117788291
0.1555880272859803 0.1096311274344866 0.04588943911129949
0.5425616139155768 0.08804477479200805 0.04610921641870443
0.5022928755460296 0.1448717085285827 0.1231092094390196
0.8225255061111389 0.04324371969652628 0.1007637764328302
0.5421207747543112 0.1118700489566039 0.09230791561115631
$EndNodes
$Elements
3 3499 1 3499
2 1 2 44
1 13 1 155 
2 1 14 155 
3 2 11 158 
4 20 2 158 
5 16 3 157 
6 3 19 157 
7 17 4 156 
8 4 22 156 
9 11 12 153 
10 11 153 158 
11 12 13 150 
12 12 150 153 
13 150 13 155 
14 14 15 146 
15 14 146 155 
16 15 16 148 
17 146 15 148 
18 148 16 157 
19 18 17 147 
20 147 17 156 
21 19 18 152 
22 18 147 152 
23 19 152 157 
24 21 20 145 
25 145 20 158 
26 22 21 151 
27 21 145 151 
28 22 151 156 
29 151 145 159 
30 145 153 154 
31 153 145 158 
32 145 154 159 
33 146 148 149 
34 146 149 150 
35 146 150 155 
36 151 147 156 
37 147 151 159 
38 152 147 159 
39 149 148 152 
40 152 148 157 
41 150 149 154 
42 149 152 159 
43 154 149 159 
44 153 150 154 
2 6 2 44
45 5 559 42 
46 119 559 5 
47 44 555 6 
48 6 555 83 
49 85 556 7 
50 7 556 118 
51 116 557 9 
52 9 557 121 
53 42 545 43 
54 42 559 545 
55 43 550 44 
56 545 550 43 
57 550 555 44 
58 83 547 84 
59 83 555 547 
60 84 548 85 
61 547 548 84 
62 548 556 85 
63 117 546 116 
64 546 557 116 
65 118 552 117 
66 117 552 546 
67 118 556 552 
68 120 553 119 
69 553 559 119 
70 121 554 120 
71 551 553 120 
72 120 554 551 
73 121 557 554 
74 549 550 545 
75 545 551 549 
76 545 553 551 
77 545 559 553 
78 552 558 546 
79 554 557 546 
80 546 558 554 
81 547 549 548 
82 547 550 549 
83 547 555 550 
84 549 552 548 
85 552 556 548 
86 551 558 549 
87 549 558 552 
88 554 558 551 
3 3 4 3411
89 667 572 686 773 
90 306 824 821 880 
91 347 821 812 847 
92 593 594 592 788 
93 169 821 305 824 
94 745 766 428 884 
95 235 821 771 854 
96 235 771 821 850 
97 626 628 631 781 
98 544 516 793 870 
99 610 634 618 813 
100 720 705 621 891 
101 745 428 766 802 
102 269 762 792 882 
103 821 824 744 880 
104 625 661 581 782 
105 169 821 824 906 
106 235 854 771 875 
107 307 821 347 847 
108 589 588 590 866 
109 544 793 776 870 
110 579 670 561 825 
111 607 604 605 772 
112 429 816 796 845 
113 812 821 347 854 
114 411 776 826 899 
115 348 764 733 894 
116 269 738 762 862 
117 604 602 605 806 
118 666 567 142 814 
119 659 600 598 806 
120 305 821 306 824 
121 235 821 223 850 
122 750 799 773 857 
123 730 766 428 802 
124 793 870 727 942 
125 329 797 779 897 
126 728 746 729 877 
127 269 862 762 873 
128 662 659 598 888 
129 178 246 801 834 
130 429 394 816 845 
131 658 566 657 839 
132 821 847 306 880 
133 307 347 821 854 
134 725 754 738 762 
135 289 779 285 809 
136 672 671 614 836 
137 289 329 779 897 
138 540 771 500 842 
139 289 779 809 897 
140 201 821 235 854 
141 645 631 628 791 
142 399 776 437 859 
143 647 560 665 787 
144 178 315 174 801 
145 305 169 200 821 
146 638 637 595 757 
147 200 248 305 821 
148 732 725 846 873 
149 428 766 730 884 
150 659 618 634 888 
151 552 798 558 822 
152 170 285 779 809 
153 790 888 763 929 
154 520 521 765 889 
155 178 834 801 903 
156 600 601 599 831 
157 594 593 596 831 
158 161 823 853 903 
159 402 796 429 816 
160 522 482 818 889 
161 737 748 734 780 
162 500 842 771 850 
163 439 853 823 920 
164 139 140 665 898 
165 315 178 246 801 
166 725 762 738 862 
167 137 138 633 898 
168 706 663 607 772 
169 402 429 394 816 
170 609 601 603 810 
171 406 505 460 881 
172 812 842 771 856 
173 631 596 599 810 
174 516 526 793 870 
175 739 885 765 889 
176 548 801 318 822 
177 170 809 779 915 
178 820 840 295 931 
179 648 609 603 864 
180 798 801 743 823 
181 401 330 796 897 
182 771 850 235 875 
183 134 133 703 804 
184 561 577 578 848 
185 500 842 850 945 
186 406 460 798 881 
187 641 643 644 938 
188 779 797 329 873 
189 225 774 208 868 
190 411 857 776 899 
191 190 729 746 877 
192 505 798 460 881 
193 411 826 776 859 
194 796 809 287 824 
195 673 672 614 756 
196 731 758 752 805 
197 549 801 798 823 
198 269 762 738 792 
199 493 807 403 819 
200 798 801 549 822 
201 429 845 796 939 
202 246 801 834 919 
203 480 816 774 868 
204 225 166 774 868 
205 667 686 685 799 
206 161 823 439 853 
207 166 442 774 868 
208 324 779 329 873 
209 725 738 731 862 
210 596 631 597 869 
211 482 484 868 889 
212 270 762 269 882 
213 685 686 619 811 
214 743 801 798 822 
215 636 622 590 832 
216 736 773 799 857 
217 269 762 270 873 
218 213 850 507 875 
219 812 821 771 847 
220 288 796 287 824 
221 505 406 369 881 
222 412 817 300 820 
223 670 561 825 860 
224 403 819 807 933 
225 228 840 835 937 
226 744 796 774 845 
227 208 774 237 824 
228 526 516 544 870 
229 763 790 754 888 
230 361 773 750 811 
231 774 809 208 868 
232 502 776 736 870 
233 613 612 611 918 
234 241 840 761 902 
235 617 681 661 918 
236 594 788 593 831 
237 401 797 350 897 
238 725 862 731 885 
239 159 812 771 856 
240 703 574 453 719 
241 239 902 241 948 
242 604 603 602 852 
243 609 810 603 864 
244 734 737 726 924 
245 544 516 776 793 
246 429 394 845 939 
247 762 862 725 873 
248 727 870 793 878 
249 643 638 595 869 
250 169 204 821 906 
251 761 807 743 853 
252 505 525 460 798 
253 731 738 385 862 
254 235 201 223 821 
255 437 776 485 859 
256 743 817 761 834 
257 762 827 270 873 
258 544 776 502 870 
259 413 897 796 936 
260 301 820 817 890 
261 494 853 807 923 
262 731 871 849 885 
263 399 411 776 859 
264 540 771 842 856 
265 214 854 235 875 
266 292 244 380 861 
267 717 576 144 909 
268 632 628 627 911 
269 771 821 812 854 
270 835 840 183 902 
271 241 183 840 902 
272 331 295 840 931 
273 739 796 774 897 
274 149 771 812 854 
275 183 835 228 840 
276 556 424 391 822 
277 631 596 810 869 
278 369 450 505 881 
279 607 663 604 772 
280 277 324 329 873 
281 159 771 154 875 
282 744 771 821 847 
283 686 572 721 773 
284 228 835 183 937 
285 728 729 851 877 
286 525 798 505 881 
287 793 870 526 878 
288 725 754 762 873 
289 774 796 739 816 
290 739 797 885 936 
291 484 816 480 868 
292 237 824 774 906 
293 680 569 676 943 
294 771 856 467 875 
295 483 774 816 845 
296 548 341 556 822 
297 145 467 856 875 
298 761 819 741 820 
299 759 778 740 883 
300 359 450 369 881 
301 761 840 835 902 
302 742 794 740 928 
303 401 363 350 797 
304 846 872 732 922 
305 324 289 329 779 
306 771 842 812 847 
307 776 870 793 942 
308 151 145 510 856 
309 308 306 821 847 
310 739 885 889 936 
311 741 840 820 931 
312 413 401 796 897 
313 269 738 299 792 
314 746 814 787 874 
315 133 803 465 804 
316 759 740 778 839 
317 279 764 313 894 
318 134 803 133 804 
319 370 817 807 917 
320 359 807 450 881 
321 178 801 185 903 
322 241 902 761 948 
323 288 796 824 880 
324 256 270 269 882 
325 208 868 809 915 
326 333 728 279 800 
327 314 821 175 854 
328 138 898 137 949 
329 601 600 602 780 
330 731 738 725 754 
331 617 681 918 929 
332 739 774 809 897 
333 208 809 774 824 
334 807 819 493 923 
335 556 341 424 822 
336 770 851 729 877 
337 765 818 522 887 
338 732 762 754 873 
339 744 847 821 880 
340 190 746 729 751 
341 292 380 826 861 
342 159 149 771 812 
343 467 771 540 856 
344 501 540 500 842 
345 413 401 897 936 
346 223 850 821 906 
347 783 802 745 863 
348 358 401 330 796 
349 774 796 744 824 
350 372 807 370 817 
351 330 346 358 796 
352 817 820 761 890 
353 807 817 372 933 
354 287 809 796 897 
355 372 370 807 933 
356 308 307 347 847 
357 743 834 761 948 
358 149 154 771 854 
359 520 443 521 889 
360 214 150 854 875 
361 761 890 241 948 
362 853 903 823 920 
363 705 621 891 907 
364 743 807 761 817 
365 588 585 635 790 
366 304 834 817 919 
367 639 642 637 913 
368 690 874 666 909 
369 702 722 698 447 
370 508 439 161 823 
371 796 809 774 897 
372 558 798 549 822 
373 607 772 605 813 
374 521 765 469 871 
375 761 820 741 840 
376 518 440 835 937 
377 278 746 728 877 
378 412 374 817 820 
379 817 834 304 890 
380 743 761 853 948 
381 761 840 241 890 
382 725 873 797 886 
383 692 715 687 792 
384 615 705 616 829 
385 558 549 798 823 
386 728 769 749 927 
387 401 350 330 897 
388 522 818 765 889 
389 391 552 556 822 
390 183 241 239 902 
391 348 733 861 894 
392 170 286 285 809 
393 518 835 921 937 
394 403 493 359 807 
395 639 637 638 757 
396 308 821 307 847 
397 744 824 821 906 
398 510 145 467 856 
399 200 169 204 821 
400 667 773 686 799 
401 741 819 761 835 
402 370 807 881 917 
403 154 854 150 875 
404 722 698 447 775 
405 288 824 306 880 
406 500 501 842 945 
407 305 248 306 821 
408 558 798 551 823 
409 368 812 152 856 
410 779 809 897 915 
411 720 699 697 891 
412 776 843 736 870 
413 619 620 685 901 
414 213 235 850 875 
415 213 165 507 850 
416 442 166 774 892 
417 796 816 774 845 
418 779 897 739 915 
419 786 813 763 849 
420 358 796 346 880 
421 185 178 174 801 
422 733 766 745 884 
423 214 176 153 875 
424 442 480 774 868 
425 728 746 278 785 
426 182 835 440 937 
427 750 730 799 857 
428 759 767 740 839 
429 560 665 787 898 
430 249 809 207 824 
431 728 764 279 894 
432 292 826 293 861 
433 361 750 773 857 
434 493 450 359 807 
435 133 575 716 803 
436 399 437 776 857 
437 306 847 308 880 
438 154 771 854 875 
439 469 765 521 887 
440 295 820 301 890 
441 728 769 787 814 
442 500 507 850 875 
443 279 764 728 785 
444 194 737 734 924 
445 732 827 762 873 
446 225 210 166 868 
447 613 624 620 907 
448 627 609 629 912 
449 796 880 429 939 
450 660 580 581 947 
451 548 549 801 822 
452 771 744 842 847 
453 483 774 480 816 
454 441 507 165 850 
455 180 239 241 948 
456 426 812 368 856 
457 743 823 801 903 
458 399 776 411 857 
459 351 333 279 800 
460 154 159 149 771 
461 662 832 591 866 
462 166 210 442 868 
463 520 765 356 889 
464 728 279 800 894 
465 797 862 328 873 
466 388 885 797 936 
467 367 546 552 798 
468 361 503 773 811 
469 237 208 225 774 
470 651 652 649 760 
471 358 429 796 880 
472 774 816 739 868 
473 133 436 465 803 
474 500 850 771 875 
475 292 293 244 861 
476 372 817 370 917 
477 494 497 853 923 
478 214 201 235 854 
479 317 148 812 854 
480 557 421 534 798 
481 731 752 738 790 
482 363 401 389 797 
483 541 736 502 857 
484 660 581 661 783 
485 159 152 812 856 
486 604 602 806 852 
487 518 182 440 937 
488 667 572 773 804 
489 240 865 228 937 
490 145 159 154 875 
491 685 811 619 901 
492 726 924 737 925 
493 556 552 548 822 
494 214 153 150 875 
495 425 367 391 822 
496 358 413 401 796 
497 744 821 771 850 
498 511 551 798 823 
499 446 804 803 870 
500 278 279 333 728 
501 237 225 166 774 
502 215 508 161 823 
503 246 316 801 919 
504 286 289 285 809 
505 761 834 817 890 
506 646 644 645 938 
507 425 798 367 822 
508 324 285 289 779 
509 698 722 710 775 
510 439 823 509 920 
511 300 412 257 817 
512 392 451 364 842 
513 520 765 521 871 
514 631 781 628 791 
515 500 540 467 771 
516 741 835 761 840 
517 727 759 740 883 
518 137 633 879 898 
519 767 839 759 879 
520 412 300 433 820 
521 746 728 787 814 
522 767 777 759 843 
523 237 774 892 906 
524 518 835 524 921 
525 209 286 170 809 
526 364 842 451 845 
527 293 826 800 861 
528 552 546 558 798 
529 711 454 694 653 
530 175 821 201 854 
531 351 800 279 894 
532 225 208 193 868 
533 249 209 207 809 
534 739 897 809 915 
535 548 318 341 822 
536 200 175 314 821 
537 180 241 890 948 
538 604 605 772 806 
539 779 797 739 897 
540 271 270 827 873 
541 793 878 160 883 
542 403 382 493 819 
543 557 534 554 798 
544 807 853 495 920 
545 820 840 761 890 
546 731 763 754 849 
547 244 352 380 861 
548 278 279 728 785 
549 362 747 775 795 
550 288 290 287 796 
551 611 608 610 935 
552 770 793 222 883 
553 745 783 428 802 
554 798 822 425 881 
555 170 238 809 915 
556 312 353 267 822 
557 480 442 774 892 
558 594 595 592 788 
559 406 460 421 798 
560 205 208 237 824 
561 465 803 446 804 
562 310 414 733 815 
563 152 368 397 812 
564 314 248 200 821 
565 154 150 153 875 
566 237 774 166 892 
567 205 824 237 906 
568 744 845 774 892 
569 368 152 147 856 
570 273 844 764 893 
571 729 851 770 883 
572 500 771 467 875 
573 371 807 370 933 
574 796 845 744 939 
575 451 392 530 842 
576 216 801 545 823 
577 820 931 295 944 
578 704 674 712 815 
579 469 871 765 887 
580 739 816 796 936 
581 642 261 693 709 
582 663 706 654 828 
583 301 817 304 890 
584 347 317 812 854 
585 807 853 761 923 
586 798 881 525 920 
587 758 783 752 805 
588 552 558 549 822 
589 672 671 836 896 
590 731 862 385 885 
591 774 809 796 824 
592 628 626 627 781 
593 258 847 416 880 
594 268 812 408 847 
595 323 800 296 877 
596 634 763 618 813 
597 328 797 327 862 
598 286 209 249 809 
599 271 827 732 873 
600 372 371 370 933 
601 727 878 793 883 
602 315 246 316 801 
603 387 327 797 862 
604 750 783 782 802 
605 557 546 421 798 
606 725 862 797 873 
607 382 458 493 819 
608 285 170 779 922 
609 399 360 411 859 
610 724 776 857 899 
611 437 486 485 776 
612 191 438 478 818 
613 482 484 480 868 
614 732 768 737 846 
615 208 193 868 915 
616 632 630 633 778 
617 724 776 843 857 
618 561 578 579 766 
619 524 518 440 835 
620 164 438 818 924 
621 250 350 363 797 
622 632 560 647 778 
623 467 540 510 856 
624 745 802 766 863 
625 481 892 845 945 
626 390 889 885 936 
627 725 732 754 873 
628 740 759 727 767 
629 729 746 728 787 
630 304 817 302 919 
631 341 267 405 822 
632 362 795 775 829 
633 410 782 750 783 
634 763 846 754 849 
635 567 814 666 874 
636 257 431 312 917 
637 287 809 249 824 
638 421 460 534 798 
639 590 622 589 762 
640 581 625 782 901 
641 825 860 764 943 
642 210 479 442 868 
643 347 812 268 847 
644 424 341 405 822 
645 561 830 577 848 
646 593 788 592 832 
647 728 764 749 860 
648 733 764 348 844 
649 638 643 641 784 
650 314 307 821 854 
651 730 724 749 927 
652 703 574 699 773 
653 257 817 431 917 
654 798 823 743 920 
655 228 865 840 937 
656 739 796 897 936 
657 338 555 233 801 
658 278 728 333 877 
659 717 144 243 909 
660 213 235 165 850 
661 392 407 461 842 
662 544 516 486 776 
663 724 894 749 927 
664 384 385 731 738 
665 373 798 425 881 
666 207 809 208 824 
667 739 809 774 868 
668 353 822 312 917 
669 307 308 306 821 
670 520 420 443 889 
671 288 306 335 880 
672 346 416 358 880 
673 540 842 461 856 
674 407 461 842 856 
675 730 736 777 799 
676 518 189 182 937 
677 525 881 505 920 
678 402 413 429 796 
679 396 426 368 856 
680 600 598 806 831 
681 588 866 589 867 
682 690 689 666 874 
683 508 509 439 823 
684 779 873 324 922 
685 636 595 637 913 
686 625 624 661 782 
687 438 191 164 818 
688 251 282 701 909 
689 589 622 623 882 
690 659 768 598 888 
691 188 770 729 877 
692 659 598 768 806 
693 209 170 238 809 
694 142 143 666 785 
695 502 736 776 857 
696 144 576 143 785 
697 462 469 463 735 
698 480 481 442 892 
699 133 716 436 803 
700 744 824 796 880 
701 338 233 174 801 
702 593 662 598 768 
703 492 362 775 829 
704 388 390 885 936 
705 301 300 817 820 
706 429 880 395 939 
707 451 845 842 945 
708 405 267 353 822 
709 680 676 844 943 
710 760 928 914 930 
711 797 873 779 886 
712 487 819 859 921 
713 728 814 764 860 
714 589 623 867 882 
715 374 817 820 933 
716 771 842 744 850 
717 290 796 288 880 
718 263 571 701 282 
719 174 315 338 801 
720 151 159 145 856 
721 706 772 607 838 
722 250 350 797 897 
723 793 883 770 942 
724 414 861 733 884 
725 733 766 749 825 
726 253 764 279 785 
727 269 276 862 873 
728 159 147 152 856 
729 412 433 374 820 
730 485 776 486 859 
731 538 853 439 920 
732 221 498 441 850 
733 547 548 549 801 
734 463 735 469 887 
735 358 395 429 880 
736 728 800 333 877 
737 419 775 747 871 
738 520 356 765 871 
739 730 777 736 843 
740 727 883 793 942 
741 175 201 214 854 
742 796 816 402 936 
743 290 796 330 897 
744 306 288 305 824 
745 413 796 402 936 
746 724 776 899 908 
747 273 348 764 844 
748 458 487 819 859 
749 216 545 177 823 
750 571 690 701 855 
751 601 602 603 780 
752 170 220 779 922 
753 137 898 879 949 
754 610 618 786 813 
755 516 486 776 793 
756 520 356 420 889 
757 796 744 880 939 
758 618 763 634 888 
759 703 699 721 773 
760 481 845 528 945 
761 737 753 748 810 
762 617 611 610 786 
763 539 816 398 845 
764 569 825 676 943 
765 382 859 819 916 
766 626 781 631 810 
767 530 392 461 842 
768 411 400 826 859 
769 807 495 881 920 
770 600 780 601 831 
771 216 177 234 823 
772 520 521 469 871 
773 776 859 826 908 
774 573 844 718 893 
775 672 691 676 896 
776 416 258 357 847 
777 708 710 722 775 
778 661 805 758 918 
779 826 899 776 908 
780 635 588 790 866 
781 258 337 357 847 
782 169 305 207 824 
783 312 267 332 822 
784 295 301 303 890 
785 495 505 881 920 
786 412 431 257 817 
787 692 254 715 792 
788 455 699 697 574 
789 666 142 785 814 
790 511 468 551 823 
791 176 214 235 875 
792 346 258 416 880 
793 395 416 847 880 
794 339 232 155 854 
795 765 885 390 889 
796 729 770 188 883 
797 779 872 846 922 
798 482 522 484 889 
799 316 318 801 822 
800 347 274 317 854 
801 559 531 230 823 
802 357 268 408 847 
803 740 778 742 883 
804 554 546 557 798 
805 765 818 739 889 
806 234 823 161 903 
807 398 816 394 845 
808 594 831 596 869 
809 269 270 276 873 
810 276 328 862 873 
811 495 853 538 920 
812 615 621 705 907 
813 221 498 850 892 
814 294 295 931 944 
815 442 479 480 868 
816 640 641 689 938 
817 732 737 768 788 
818 801 903 834 919 
819 514 887 517 924 
820 172 537 835 902 
821 749 764 825 860 
822 304 301 302 817 
823 204 223 821 906 
824 194 219 734 737 
825 522 765 521 889 
826 589 590 762 866 
827 249 207 305 824 
828 424 405 391 822 
829 379 745 428 884 
830 585 586 635 790 
831 797 862 725 885 
832 425 881 822 917 
833 726 780 772 806 
834 727 767 759 843 
835 187 865 770 877 
836 172 537 440 835 
837 393 842 364 845 
838 648 609 864 912 
839 800 865 296 877 
840 734 737 219 748 
841 571 701 282 855 
842 559 553 531 823 
843 575 133 134 803 
844 681 805 661 918 
845 470 469 521 887 
846 741 820 819 916 
847 426 408 812 847 
848 441 500 507 850 
849 190 188 729 877 
850 386 871 731 885 
851 511 551 554 798 
852 597 644 643 791 
853 776 793 486 921 
854 724 843 730 857 
855 316 822 801 919 
856 743 853 807 920 
857 332 312 822 917 
858 809 868 739 915 
859 550 545 216 801 
860 652 656 649 912 
861 365 385 738 862 
862 354 745 733 815 
863 451 842 530 945 
864 539 523 398 816 
865 292 293 826 931 
866 275 547 555 801 
867 658 566 839 841 
868 517 887 818 924 
869 265 355 820 944 
870 764 785 253 893 
871 633 778 879 898 
872 725 731 754 849 
873 371 403 807 933 
874 628 781 627 911 
875 576 690 666 909 
876 497 538 495 853 
877 486 859 776 921 
878 449 735 463 828 
879 394 398 402 816 
880 469 735 871 887 
881 487 488 819 921 
882 363 387 327 797 
883 849 871 735 887 
884 729 778 759 883 
885 821 850 744 906 
886 820 916 741 931 
887 638 757 595 869 
888 338 275 555 801 
889 346 796 290 880 
890 534 511 554 798 
891 330 290 346 796 
892 765 871 356 885 
893 662 598 768 888 
894 726 765 849 887 
895 616 612 615 795 
896 916 931 820 944 
897 273 764 313 893 
898 774 824 744 906 
899 357 337 268 847 
900 631 645 597 791 
901 683 839 566 879 
902 194 737 924 925 
903 285 779 324 922 
904 371 403 359 807 
905 548 552 549 822 
906 729 728 769 787 
907 558 551 549 823 
908 382 819 375 916 
909 308 347 268 847 
910 826 859 400 916 
911 731 747 386 758 
912 728 851 769 927 
913 740 803 767 878 
914 367 421 546 798 
915 633 839 683 879 
916 727 851 883 942 
917 379 733 745 884 
918 186 266 865 877 
919 687 677 623 792 
920 445 471 803 878 
921 722 702 435 447 
922 613 624 907 918 
923 667 773 799 934 
924 327 328 250 797 
925 222 793 160 883 
926 221 441 165 850 
927 287 796 290 897 
928 666 874 785 909 
929 477 361 773 857 
930 652 696 658 930 
931 256 271 270 827 
932 747 813 786 849 
933 739 797 779 886 
934 766 561 830 860 
935 612 611 918 935 
936 668 137 562 777 
937 247 840 163 865 
938 736 777 767 843 
939 348 861 309 894 
940 458 819 382 859 
941 140 769 665 898 
942 304 345 834 919 
943 234 215 161 823 
944 605 602 634 806 
945 672 614 756 836 
946 817 834 743 919 
947 527 760 512 914 
948 525 511 798 920 
949 506 466 465 804 
950 736 799 730 857 
951 726 737 734 780 
952 253 313 279 764 
953 407 842 396 856 
954 605 806 634 813 
955 465 446 506 804 
956 647 778 560 787 
957 299 792 738 900 
958 655 702 564 833 
959 257 312 302 917 
960 659 634 600 806 
961 265 355 433 820 
962 247 331 840 865 
963 343 855 784 895 
964 738 754 731 790 
965 660 783 661 805 
966 749 830 730 927 
967 458 487 488 819 
968 214 155 232 854 
969 731 752 790 805 
970 257 302 817 917 
971 488 835 819 921 
972 662 768 866 888 
973 362 747 419 775 
974 142 143 785 943 
975 238 208 809 915 
976 446 506 804 870 
977 191 818 868 915 
978 579 561 766 825 
979 723 707 563 827 
980 605 608 607 813 
981 396 842 418 847 
982 232 175 214 854 
983 634 610 605 813 
984 182 172 440 835 
985 725 754 732 846 
986 313 764 253 893 
987 356 765 390 889 
988 455 697 699 891 
989 595 757 637 913 
990 426 397 368 812 
991 353 312 431 917 
992 561 140 139 830 
993 164 924 818 925 
994 726 734 772 780 
995 332 312 917 919 
996 555 550 233 801 
997 363 327 250 797 
998 463 828 735 926 
999 384 738 731 752 
1000 593 788 768 831 
1001 726 886 765 887 
1002 478 191 818 868 
1003 354 733 414 815 
1004 502 776 437 857 
1005 681 660 661 805 
1006 728 851 800 877 
1007 763 731 790 929 
1008 540 501 461 842 
1009 594 788 831 869 
1010 400 859 382 916 
1011 586 583 660 805 
1012 224 791 751 837 
1013 742 778 740 839 
1014 800 826 293 931 
1015 746 787 751 874 
1016 494 807 493 923 
1017 840 865 331 931 
1018 221 850 206 892 
1019 309 279 313 894 
1020 800 826 724 861 
1021 701 855 690 909 
1022 742 911 794 912 
1023 773 799 750 811 
1024 686 685 799 811 
1025 554 558 546 798 
1026 518 921 793 937 
1027 545 801 549 823 
1028 212 840 344 890 
1029 332 917 822 919 
1030 501 530 842 945 
1031 344 212 247 840 
1032 361 730 750 857 
1033 667 804 773 934 
1034 744 845 892 945 
1035 872 886 846 925 
1036 462 775 735 833 
1037 581 782 661 783 
1038 211 473 734 789 
1039 651 653 694 914 
1040 282 855 701 909 
1041 469 735 462 871 
1042 726 849 765 886 
1043 691 844 676 896 
1044 218 222 160 883 
1045 842 845 393 939 
1046 309 351 279 894 
1047 725 797 885 886 
1048 426 396 418 847 
1049 286 249 287 809 
1050 638 641 640 784 
1051 392 364 393 842 
1052 665 664 787 814 
1053 859 908 776 921 
1054 595 636 592 788 
1055 376 529 503 811 
1056 800 865 770 908 
1057 663 772 706 828 
1058 599 810 596 831 
1059 579 675 670 825 
1060 680 676 691 844 
1061 774 744 892 906 
1062 639 637 757 913 
1063 673 756 614 808 
1064 214 150 155 854 
1065 372 412 374 817 
1066 404 745 756 836 
1067 777 830 730 848 
1068 652 649 760 912 
1069 406 798 373 881 
1070 675 825 579 863 
1071 726 846 886 925 
1072 186 173 266 877 
1073 197 794 742 928 
1074 492 775 419 871 
1075 569 675 676 825 
1076 395 880 847 939 
1077 614 671 584 836 
1078 745 766 733 825 
1079 743 822 798 881 
1080 292 931 826 944 
1081 638 643 784 869 
1082 710 708 616 775 
1083 658 657 794 839 
1084 165 235 223 850 
1085 853 902 761 923 
1086 624 661 782 918 
1087 758 782 661 918 
1088 724 861 826 899 
1089 379 428 730 884 
1090 631 791 597 869 
1091 160 793 459 878 
1092 746 751 162 855 
1093 611 610 786 935 
1094 730 843 724 927 
1095 339 155 146 854 
1096 632 630 778 911 
1097 621 811 720 891 
1098 572 667 135 804 
1099 566 879 839 946 
1100 247 163 325 865 
1101 728 800 851 894 
1102 516 489 486 793 
1103 142 814 141 943 
1104 609 627 626 781 
1105 395 416 357 847 
1106 728 729 769 851 
1107 140 141 664 814 
1108 518 793 189 937 
1109 200 305 47 169 
1110 503 477 361 773 
1111 641 784 643 938 
1112 652 651 714 914 
1113 738 752 384 900 
1114 47 248 305 200 
1115 567 141 142 814 
1116 645 791 628 837 
1117 649 651 760 864 
1118 207 209 208 809 
1119 725 754 846 849 
1120 743 823 903 920 
1121 304 302 345 919 
1122 765 871 849 887 
1123 434 861 884 899 
1124 835 840 741 937 
1125 605 772 806 813 
1126 803 870 767 878 
1127 647 665 646 787 
1128 159 152 149 812 
1129 541 502 477 857 
1130 164 818 191 925 
1131 732 827 271 932 
1132 770 883 851 942 
1133 411 826 381 899 
1134 269 326 738 862 
1135 462 735 775 871 
1136 288 287 249 824 
1137 377 783 750 802 
1138 754 763 731 790 
1139 726 737 846 872 
1140 449 735 828 833 
1141 308 847 258 880 
1142 300 265 433 820 
1143 292 826 380 944 
1144 307 274 347 854 
1145 539 483 816 845 
1146 184 228 183 937 
1147 194 734 211 924 
1148 766 825 561 860 
1149 273 348 313 764 
1150 382 375 400 916 
1151 543 366 523 816 
1152 289 809 287 897 
1153 593 768 788 832 
1154 601 780 603 810 
1155 737 788 732 904 
1156 596 831 810 869 
1157 607 772 813 838 
1158 726 887 849 941 
1159 726 818 886 887 
1160 701 251 263 282 
1161 314 274 307 854 
1162 622 762 590 832 
1163 594 595 788 869 
1164 285 324 245 922 
1165 266 323 296 877 
1166 450 493 494 807 
1167 747 849 731 871 
1168 216 185 801 903 
1169 403 359 493 112 
1170 726 872 846 925 
1171 341 318 267 822 
1172 538 439 509 920 
1173 222 793 770 937 
1174 664 688 646 787 
1175 801 822 743 919 
1176 523 366 398 816 
1177 426 357 408 847 
1178 730 830 777 927 
1179 633 630 683 839 
1180 148 157 317 812 
1181 216 233 550 801 
1182 492 535 362 829 
1183 576 785 144 909 
1184 729 751 746 787 
1185 269 792 255 882 
1186 585 790 588 867 
1187 727 736 767 843 
1188 561 578 766 848 
1189 544 486 502 776 
1190 633 560 632 778 
1191 303 331 295 840 
1192 388 797 389 936 
1193 657 566 683 839 
1194 335 306 308 880 
1195 724 851 800 894 
1196 587 614 584 808 
1197 661 783 758 805 
1198 580 578 581 802 
1199 358 429 413 796 
1200 258 308 337 847 
1201 478 479 191 868 
1202 737 768 788 831 
1203 188 770 222 883 
1204 626 601 609 810 
1205 278 253 279 785 
1206 266 296 865 877 
1207 359 370 807 881 
1208 293 800 351 861 
1209 299 269 326 738 
1210 631 599 626 810 
1211 192 818 191 915 
1212 621 699 720 811 
1213 300 257 301 817 
1214 800 851 724 908 
1215 333 351 323 800 
1216 412 372 431 817 
1217 178 167 349 834 
1218 575 716 803 910 
1219 241 183 228 840 
1220 199 742 740 928 
1221 603 810 780 864 
1222 571 713 690 855 
1223 527 789 760 914 
1224 381 411 400 826 
1225 481 483 528 845 
1226 632 778 647 837 
1227 749 764 733 825 
1228 463 464 828 926 
1229 726 846 849 886 
1230 635 888 866 929 
1231 505 450 369 113 
1232 615 705 829 907 
1233 731 849 725 885 
1234 643 791 644 938 
1235 316 318 275 801 
1236 450 493 359 112 
1237 148 149 812 854 
1238 266 325 186 865 
1239 769 830 140 860 
1240 554 551 558 798 
1241 169 305 48 207 
1242 425 373 367 798 
1243 539 398 364 845 
1244 740 841 803 878 
1245 291 290 330 897 
1246 663 604 772 852 
1247 817 917 302 919 
1248 842 744 850 945 
1249 379 434 861 884 
1250 415 881 373 917 
1251 765 886 818 887 
1252 698 126 702 447 
1253 336 354 310 815 
1254 620 901 619 907 
1255 331 294 295 931 
1256 761 817 807 933 
1257 624 625 620 782 
1258 163 247 212 840 
1259 142 785 814 943 
1260 466 773 465 804 
1261 691 674 704 815 
1262 392 396 407 842 
1263 377 428 783 802 
1264 585 588 587 867 
1265 462 775 492 871 
1266 659 806 768 888 
1267 395 358 416 880 
1268 724 851 894 927 
1269 406 421 367 798 
1270 589 677 587 867 
1271 819 835 488 923 
1272 201 204 223 821 
1273 682 888 635 929 
1274 406 373 369 881 
1275 160 189 459 793 
1276 801 743 903 919 
1277 450 359 369 113 
1278 818 887 726 924 
1279 449 463 464 828 
1280 726 737 780 806 
1281 632 837 628 911 
1282 805 918 681 929 
1283 741 826 859 908 
1284 706 708 655 838 
1285 682 618 888 929 
1286 730 378 884 899 
1287 761 819 820 933 
1288 249 48 305 207 
1289 568 698 710 829 
1290 219 748 737 753 
1291 819 835 741 921 
1292 684 668 562 799 
1293 431 817 372 917 
1294 238 193 208 915 
1295 737 732 846 872 
1296 731 786 763 849 
1297 458 360 485 859 
1298 207 208 205 824 
1299 174 233 216 801 
1300 667 685 562 799 
1301 332 822 316 919 
1302 561 140 830 860 
1303 839 841 566 946 
1304 727 736 843 870 
1305 340 317 157 812 
1306 713 855 571 895 
1307 227 915 779 925 
1308 384 365 385 738 
1309 679 616 708 935 
1310 337 308 268 847 
1311 652 658 656 794 
1312 598 596 593 831 
1313 314 46 175 200 
1314 569 141 670 860 
1315 492 362 419 775 
1316 561 670 140 860 
1317 350 291 330 897 
1318 600 599 598 831 
1319 793 776 908 921 
1320 741 859 826 916 
1321 488 493 819 923 
1322 46 314 248 200 
1323 248 314 307 821 
1324 247 325 331 865 
1325 585 867 587 940 
1326 720 811 699 891 
1327 666 143 576 785 
1328 314 339 274 854 
1329 834 890 761 948 
1330 375 382 403 819 
1331 339 146 274 854 
1332 165 206 221 850 
1333 601 810 599 831 
1334 411 378 857 899 
1335 647 646 645 837 
1336 738 862 326 900 
1337 157 397 423 812 
1338 687 623 692 792 
1339 438 517 818 924 
1340 316 332 318 822 
1341 206 892 850 906 
1342 246 834 345 919 
1343 360 458 382 859 
1344 748 753 781 810 
1345 761 820 817 933 
1346 583 660 805 947 
1347 375 819 403 933 
1348 438 517 478 818 
1349 206 237 892 906 
1350 543 366 816 889 
1351 162 297 190 746 
1352 770 865 187 937 
1353 501 451 530 945 
1354 632 647 628 837 
1355 322 746 278 877 
1356 539 483 523 816 
1357 111 493 403 382 
1358 374 372 817 933 
1359 525 509 511 920 
1360 460 511 534 798 
1361 223 206 850 906 
1362 506 773 466 804 
1363 478 818 482 868 
1364 819 741 859 921 
1365 479 191 28 478 
1366 636 827 622 832 
1367 617 918 786 929 
1368 446 445 471 803 
1369 183 835 182 937 
1370 511 509 468 823 
1371 384 752 731 758 
1372 172 835 183 902 
1373 825 844 676 943 
1374 846 872 779 886 
1375 413 389 401 936 
1376 781 911 742 912 
1377 377 730 428 802 
1378 311 271 827 932 
1379 215 230 531 823 
1380 404 756 752 836 
1381 236 737 872 904 
1382 602 780 600 806 
1383 619 901 811 907 
1384 763 849 813 941 
1385 301 295 300 820 
1386 445 803 446 910 
1387 198 781 791 837 
1388 414 284 733 861 
1389 749 766 730 830 
1390 157 423 340 812 
1391 770 865 800 877 
1392 781 791 631 810 
1393 465 436 446 803 
1394 348 733 284 861 
1395 415 373 425 917 
1396 652 658 794 930 
1397 579 766 578 863 
1398 373 881 425 917 
1399 250 291 350 897 
1400 302 917 312 919 
1401 136 135 934 946 
1402 834 903 743 919 
1403 163 186 325 865 
1404 652 794 656 912 
1405 526 459 793 878 
1406 303 344 840 890 
1407 489 486 793 921 
1408 652 760 651 914 
1409 834 743 903 948 
1410 614 584 808 836 
1411 427 820 916 933 
1412 502 486 437 776 
1413 322 190 746 877 
1414 698 775 710 829 
1415 764 860 814 943 
1416 386 731 385 885 
1417 752 758 404 783 
1418 222 770 187 937 
1419 621 619 686 811 
1420 446 803 471 870 
1421 462 735 449 833 
1422 754 768 732 846 
1423 853 903 743 948 
1424 673 614 677 808 
1425 741 908 859 921 
1426 610 608 813 935 
1427 379 733 354 745 
1428 220 195 779 922 
1429 240 228 184 937 
1430 191 479 210 868 
1431 190 729 224 751 
1432 603 780 602 852 
1433 531 508 215 823 
1434 676 844 825 896 
1435 530 461 501 842 
1436 485 110 360 458 
1437 721 572 703 773 
1438 382 111 493 458 
1439 486 487 859 921 
1440 309 293 351 861 
1441 652 914 714 930 
1442 849 871 765 885 
1443 240 187 865 937 
1444 361 376 503 811 
1445 724 730 749 884 
1446 784 791 753 869 
1447 459 189 518 793 
1448 410 758 782 783 
1449 496 835 537 902 
1450 865 908 800 931 
1451 451 539 364 845 
1452 555 547 550 801 
1453 658 695 566 841 
1454 506 736 804 870 
1455 650 606 852 864 
1456 550 549 545 801 
1457 197 760 742 794 
1458 430 386 747 758 
1459 759 777 767 879 
1460 703 719 453 773 
1461 705 891 829 907 
1462 15 148 317 146 
1463 315 275 338 801 
1464 468 553 551 823 
1465 760 781 742 912 
1466 613 615 612 795 
1467 360 109 485 437 
1468 180 890 167 948 
1469 672 756 673 905 
1470 582 675 579 863 
1471 759 769 729 851 
1472 580 579 578 863 
1473 229 853 542 902 
1474 167 890 834 948 
1475 590 588 591 866 
1476 432 816 366 936 
1477 633 778 839 879 
1478 742 778 729 883 
1479 770 908 741 937 
1480 506 502 736 870 
1481 460 505 406 114 
1482 171 922 298 932 
1483 205 169 824 906 
1484 591 635 662 866 
1485 382 360 110 458 
1486 344 247 303 840 
1487 517 522 482 818 
1488 735 926 772 941 
1489 432 366 889 936 
1490 178 349 246 834 
1491 365 862 738 900 
1492 227 779 195 925 
1493 361 750 376 811 
1494 418 847 842 939 
1495 502 541 506 736 
1496 672 836 756 896 
1497 639 895 642 913 
1498 386 747 731 871 
1499 200 201 175 821 
1500 425 822 353 917 
1501 734 748 168 789 
1502 692 242 254 882 
1503 218 188 222 883 
1504 442 498 166 892 
1505 359 370 371 807 
1506 157 152 397 812 
1507 737 872 726 925 
1508 606 648 603 864 
1509 730 777 843 927 
1510 610 618 617 786 
1511 761 835 819 923 
1512 430 731 386 758 
1513 171 904 872 932 
1514 606 603 852 864 
1515 765 739 818 886 
1516 194 219 211 734 
1517 736 843 776 857 
1518 359 369 370 881 
1519 349 834 167 890 
1520 703 453 574 773 
1521 497 902 853 923 
1522 560 787 778 898 
1523 183 172 182 835 
1524 649 650 651 864 
1525 440 537 496 835 
1526 438 29 191 478 
1527 592 591 593 832 
1528 369 406 505 114 
1529 436 803 716 910 
1530 604 806 772 852 
1531 171 872 922 932 
1532 822 881 743 917 
1533 669 668 684 848 
1534 627 629 911 912 
1535 636 590 592 832 
1536 408 340 423 812 
1537 722 775 447 833 
1538 763 786 731 929 
1539 577 669 578 848 
1540 414 733 379 884 
1541 650 606 663 852 
1542 760 742 794 912 
1543 646 645 837 938 
1544 458 488 493 819 
1545 793 921 908 937 
1546 607 608 679 838 
1547 741 770 865 908 
1548 723 707 827 882 
1549 216 234 185 903 
1550 800 851 770 877 
1551 109 360 399 437 
1552 190 162 746 751 
1553 737 748 780 810 
1554 311 827 913 932 
1555 705 710 616 829 
1556 410 782 758 795 
1557 28 210 191 479 
1558 438 514 517 924 
1559 726 849 846 941 
1560 633 778 630 839 
1561 227 170 779 915 
1562 353 425 405 822 
1563 747 735 813 849 
1564 647 787 646 837 
1565 879 898 759 949 
1566 252 785 746 909 
1567 547 275 84 548 
1568 761 902 853 948 
1569 594 596 597 869 
1570 730 857 378 899 
1571 254 792 692 882 
1572 174 178 62 315 
1573 363 389 388 797 
1574 597 645 644 791 
1575 757 784 753 869 
1576 741 819 859 916 
1577 191 868 193 915 
1578 217 903 853 948 
1579 598 593 768 831 
1580 725 885 849 886 
1581 81 267 312 353 
1582 439 542 229 853 
1583 261 642 693 895 
1584 427 916 375 933 
1585 616 612 795 935 
1586 770 793 908 937 
1587 198 742 781 837 
1588 790 866 754 888 
1589 221 166 498 892 
1590 642 895 261 913 
1591 658 657 656 794 
1592 506 736 773 804 
1593 144 785 243 909 
1594 604 606 603 852 
1595 296 865 800 931 
1596 849 887 735 941 
1597 524 835 488 921 
1598 206 237 166 892 
1599 819 375 916 933 
1600 161 853 217 903 
1601 141 814 140 860 
1602 769 851 759 927 
1603 50 170 286 285 
1604 21 145 510 151 
1605 643 595 594 869 
1606 417 356 871 885 
1607 668 137 777 949 
1608 724 800 861 894 
1609 656 911 629 912 
1610 399 477 437 857 
1611 134 703 572 804 
1612 799 811 685 901 
1613 310 354 414 815 
1614 727 843 759 851 
1615 167 61 178 349 
1616 512 197 536 760 
1617 387 385 862 885 
1618 280 757 334 932 
1619 192 191 818 925 
1620 291 287 290 897 
1621 282 297 343 855 
1622 741 865 840 931 
1623 286 287 289 809 
1624 674 672 673 905 
1625 743 807 881 920 
1626 196 160 878 883 
1627 209 249 49 286 
1628 724 843 776 908 
1629 195 170 220 779 
1630 662 768 832 866 
1631 819 923 807 933 
1632 449 462 463 735 
1633 770 741 865 937 
1634 165 223 206 850 
1635 409 826 400 916 
1636 754 768 763 888 
1637 266 296 325 865 
1638 207 249 49 209 
1639 553 559 545 823 
1640 541 506 736 773 
1641 840 865 741 937 
1642 516 526 459 793 
1643 768 806 737 846 
1644 24 441 507 165 
1645 638 639 757 895 
1646 191 164 29 438 
1647 567 688 664 874 
1648 527 32 512 760 
1649 298 732 271 932 
1650 872 904 732 932 
1651 356 390 420 889 
1652 148 146 149 854 
1653 704 691 815 844 
1654 770 908 793 942 
1655 468 531 553 823 
1656 586 790 585 940 
1657 355 427 820 944 
1658 740 839 767 946 
1659 679 708 838 935 
1660 576 666 785 909 
1661 633 560 778 898 
1662 384 731 430 758 
1663 246 345 316 919 
1664 735 887 463 926 
1665 355 427 433 820 
1666 702 722 435 833 
1667 144 243 785 893 
1668 743 903 853 920 
1669 195 872 779 922 
1670 839 879 767 946 
1671 628 791 781 837 
1672 500 467 507 875 
1673 737 831 788 904 
1674 174 216 185 801 
1675 414 379 861 884 
1676 465 466 719 773 
1677 737 732 872 904 
1678 741 908 921 937 
1679 763 786 618 813 
1680 500 850 499 945 
1681 813 849 735 941 
1682 617 611 786 918 
1683 212 241 840 890 
1684 622 636 678 827 
1685 689 567 666 874 
1686 184 183 182 937 
1687 589 762 622 882 
1688 661 782 758 783 
1689 770 851 800 908 
1690 663 828 654 876 
1691 50 170 209 286 
1692 727 767 736 870 
1693 179 834 903 948 
1694 690 855 874 909 
1695 245 298 220 922 
1696 818 915 192 925 
1697 569 670 825 860 
1698 143 144 785 893 
1699 779 872 195 925 
1700 571 855 263 895 
1701 650 649 606 864 
1702 517 482 478 818 
1703 666 814 785 874 
1704 724 826 800 908 
1705 518 489 793 921 
1706 571 282 263 855 
1707 733 764 749 894 
1708 134 695 575 803 
1709 726 737 806 846 
1710 196 218 160 883 
1711 704 573 691 844 
1712 472 526 544 870 
1713 814 860 141 943 
1714 140 814 769 860 
1715 391 405 425 822 
1716 736 730 843 857 
1717 381 826 380 899 
1718 222 189 793 937 
1719 265 820 295 944 
1720 267 81 405 353 
1721 307 306 248 821 
1722 543 523 484 816 
1723 598 768 806 831 
1724 343 162 784 855 
1725 554 511 468 551 
1726 268 340 408 812 
1727 688 646 787 938 
1728 634 602 600 806 
1729 635 790 586 929 
1730 387 363 388 797 
1731 406 367 373 798 
1732 271 732 298 922 
1733 432 402 366 816 
1734 776 793 908 942 
1735 498 441 25 221 
1736 669 848 684 901 
1737 194 872 737 925 
1738 662 866 635 888 
1739 418 842 393 939 
1740 738 754 790 866 
1741 361 730 377 750 
1742 310 815 733 844 
1743 274 15 317 146 
1744 447 775 698 829 
1745 21 145 467 510 
1746 165 507 24 213 
1747 522 521 443 889 
1748 615 616 795 829 
1749 299 738 326 900 
1750 344 349 167 890 
1751 196 878 740 883 
1752 588 790 866 867 
1753 497 542 853 902 
1754 333 800 323 877 
1755 212 180 241 890 
1756 276 277 328 873 
1757 432 402 816 936 
1758 632 778 837 911 
1759 487 485 486 859 
1760 777 830 848 949 
1761 246 62 178 315 
1762 277 873 321 922 
1763 779 739 886 915 
1764 634 806 763 813 
1765 718 844 260 893 
1766 210 27 442 479 
1767 652 794 760 930 
1768 435 722 447 833 
1769 529 811 755 891 
1770 607 813 608 838 
1771 249 305 288 824 
1772 613 795 612 918 
1773 220 171 872 922 
1774 589 866 762 867 
1775 704 815 260 844 
1776 471 870 803 878 
1777 582 671 675 896 
1778 349 61 178 246 
1779 386 417 871 885 
1780 676 671 672 896 
1781 525 511 460 798 
1782 761 923 819 933 
1783 731 747 786 849 
1784 395 847 418 939 
1785 343 297 55 162 
1786 695 575 803 841 
1787 271 321 270 873 
1788 740 878 196 928 
1789 818 886 739 915 
1790 761 807 923 933 
1791 498 499 850 892 
1792 652 760 914 930 
1793 740 767 727 878 
1794 616 775 708 935 
1795 160 222 189 793 
1796 252 278 746 785 
1797 207 205 169 824 
1798 543 816 484 889 
1799 777 799 736 934 
1800 292 244 76 380 
1801 780 852 603 864 
1802 728 749 764 894 
1803 227 192 915 925 
1804 220 298 171 922 
1805 12 176 153 214 
1806 681 586 660 805 
1807 780 806 602 852 
1808 744 842 939 945 
1809 352 381 380 899 
1810 381 400 409 826 
1811 744 939 845 945 
1812 230 215 177 823 
1813 738 762 754 866 
1814 788 869 757 904 
1815 686 799 773 811 
1816 704 712 262 815 
1817 640 784 641 938 
1818 563 709 259 913 
1819 845 939 842 945 
1820 477 502 437 857 
1821 498 499 441 850 
1822 200 204 201 821 
1823 236 737 194 872 
1824 672 756 815 896 
1825 136 934 879 946 
1826 610 608 605 813 
1827 653 651 650 789 
1828 788 913 827 932 
1829 529 107 376 503 
1830 209 238 208 809 
1831 849 885 765 886 
1832 378 730 361 857 
1833 240 184 187 937 
1834 404 752 430 758 
1835 759 778 769 898 
1836 735 838 775 935 
1837 683 566 136 879 
1838 300 295 265 820 
1839 872 732 922 932 
1840 841 878 740 928 
1841 477 399 361 857 
1842 161 439 229 853 
1843 448 775 462 833 
1844 581 782 802 901 
1845 627 781 609 912 
1846 255 269 299 792 
1847 166 27 442 210 
1848 733 749 766 884 
1849 729 769 759 778 
1850 759 851 843 927 
1851 668 777 562 799 
1852 227 238 170 915 
1853 562 777 137 934 
1854 179 903 217 948 
1855 561 766 830 848 
1856 390 388 389 936 
1857 735 813 838 935 
1858 763 806 768 846 
1859 600 806 780 831 
1860 569 141 860 943 
1861 410 758 430 795 
1862 221 441 25 165 
1863 352 379 434 861 
1864 245 220 51 285 
1865 754 732 768 832 
1866 563 642 709 913 
1867 584 671 582 836 
1868 348 310 733 844 
1869 747 775 735 871 
1870 498 26 442 166 
1871 763 768 754 846 
1872 706 655 828 838 
1873 686 773 721 811 
1874 683 137 633 879 
1875 148 149 152 812 
1876 696 841 658 930 
1877 682 662 635 888 
1878 766 730 830 848 
1879 410 755 782 795 
1880 726 772 926 941 
1881 170 195 227 779 
1882 494 495 450 807 
1883 682 618 659 888 
1884 695 566 841 946 
1885 394 393 364 845 
1886 229 542 537 902 
1887 404 783 745 836 
1888 568 456 698 829 
1889 687 677 792 858 
1890 331 303 247 840 
1891 738 762 866 867 
1892 318 84 275 548 
1893 910 928 841 930 
1894 687 673 677 858 
1895 551 545 549 823 
1896 816 889 366 936 
1897 180 212 167 890 
1898 277 324 873 922 
1899 282 263 855 895 
1900 484 483 480 816 
1901 454 694 653 789 
1902 651 760 864 914 
1903 393 845 394 939 
1904 70 363 327 250 
1905 284 414 75 861 
1906 352 76 244 380 
1907 792 867 623 882 
1908 189 459 35 160 
1909 310 414 284 733 
1910 644 791 645 938 
1911 54 334 320 895 
1912 490 878 841 928 
1913 767 777 736 934 
1914 740 742 199 883 
1915 561 139 577 830 
1916 135 804 667 934 
1917 769 787 665 898 
1918 292 294 293 931 
1919 70 363 387 327 
1920 740 841 839 946 
1921 166 498 26 221 
1922 384 430 752 758 
1923 731 786 805 929 
1924 660 581 783 947 
1925 611 786 918 935 
1926 453 719 466 773 
1927 211 31 473 789 
1928 630 629 657 911 
1929 193 192 191 915 
1930 630 632 627 911 
1931 58 325 247 163 
1932 706 828 772 838 
1933 725 849 846 886 
1934 738 866 790 867 
1935 315 316 275 801 
1936 418 395 357 847 
1937 670 675 569 825 
1938 779 886 818 915 
1939 224 198 791 837 
1940 475 928 910 930 
1941 647 778 787 837 
1942 344 167 212 890 
1943 665 664 646 787 
1944 192 227 195 925 
1945 504 876 828 926 
1946 676 825 675 896 
1947 377 410 750 783 
1948 214 153 12 150 
1949 117 552 391 367 
1950 736 799 773 934 
1951 777 767 879 934 
1952 202 757 753 904 
1953 726 818 924 925 
1954 754 762 732 832 
1955 779 818 886 925 
1956 161 215 40 508 
1957 779 886 872 925 
1958 219 168 734 748 
1959 254 90 692 715 
1960 726 926 735 941 
1961 298 922 732 932 
1962 743 881 798 920 
1963 759 898 927 949 
1964 497 496 902 923 
1965 173 266 57 186 
1966 708 775 722 833 
1967 365 738 384 900 
1968 18 147 368 152 
1969 473 491 211 734 
1970 137 879 777 949 
1971 257 302 301 817 
1972 427 374 820 933 
1973 325 58 186 163 
1974 136 879 566 946 
1975 887 924 514 926 
1976 572 135 134 804 
1977 192 164 191 925 
1978 211 734 168 789 
1979 741 908 865 931 
1980 163 240 186 865 
1981 496 835 902 923 
1982 624 782 620 907 
1983 635 866 790 929 
1984 393 418 396 842 
1985 292 294 931 944 
1986 581 578 669 802 
1987 583 805 586 940 
1988 597 791 643 869 
1989 759 879 778 898 
1990 234 161 217 903 
1991 139 665 560 898 
1992 138 560 633 898 
1993 346 290 258 880 
1994 567 664 141 814 
1995 318 332 267 822 
1996 496 488 835 923 
1997 599 601 626 810 
1998 378 434 884 899 
1999 803 804 767 870 
2000 830 927 898 949 
2001 779 915 818 925 
2002 152 368 18 397 
2003 680 691 573 844 
2004 636 592 788 832 
2005 368 407 396 856 
2006 126 435 702 447 
2007 377 750 730 802 
2008 775 838 708 935 
2009 619 811 621 907 
2010 614 587 677 808 
2011 482 480 479 868 
2012 322 190 297 746 
2013 205 204 169 906 
2014 143 893 785 943 
2015 465 466 453 719 
2016 427 916 820 944 
2017 265 295 294 944 
2018 202 334 757 932 
2019 483 484 523 816 
2020 544 502 472 870 
2021 613 611 624 918 
2022 710 775 616 829 
2023 640 713 639 895 
2024 743 917 817 919 
2025 199 740 196 928 
2026 440 518 36 182 
2027 189 36 518 182 
2028 713 640 855 895 
2029 172 37 440 537 
2030 157 148 152 812 
2031 624 617 661 918 
2032 628 837 781 911 
2033 397 408 423 812 
2034 508 40 161 439 
2035 665 787 769 814 
2036 767 870 727 878 
2037 379 730 378 884 
2038 675 825 863 896 
2039 366 402 398 816 
2040 724 851 843 942 
2041 284 75 244 861 
2042 135 134 804 946 
2043 630 839 778 911 
2044 744 842 847 939 
2045 549 550 547 801 
2046 198 742 760 781 
2047 626 609 781 810 
2048 198 748 753 781 
2049 726 735 887 941 
2050 500 499 501 945 
2051 332 302 312 919 
2052 477 108 399 437 
2053 407 422 533 856 
2054 731 786 758 805 
2055 236 203 737 904 
2056 747 758 731 786 
2057 804 934 135 946 
2058 75 414 352 861 
2059 695 696 575 841 
2060 35 518 459 189 
2061 531 468 508 823 
2062 746 785 728 814 
2063 610 813 786 935 
2064 726 846 806 941 
2065 726 886 818 925 
2066 711 653 564 876 
2067 706 655 654 828 
2068 290 288 335 880 
2069 182 37 440 172 
2070 753 757 869 904 
2071 452 711 564 876 
2072 630 657 683 839 
2073 365 326 862 900 
2074 684 562 685 799 
2075 329 289 291 897 
2076 646 837 787 938 
2077 734 876 504 926 
2078 649 656 648 912 
2079 649 864 760 912 
2080 721 773 699 811 
2081 335 308 258 880 
2082 739 868 818 915 
2083 866 888 790 929 
2084 268 317 340 812 
2085 323 293 296 800 
2086 724 843 908 942 
2087 587 677 808 867 
2088 187 222 188 770 
2089 296 331 865 931 
2090 819 916 820 933 
2091 289 287 291 897 
2092 357 426 418 847 
2093 579 825 766 863 
2094 703 773 572 804 
2095 488 494 493 923 
2096 739 897 797 936 
2097 224 742 198 837 
2098 404 752 783 836 
2099 181 217 853 948 
2100 245 52 220 298 
2101 672 674 691 815 
2102 825 844 733 896 
2103 667 799 562 934 
2104 117 552 367 546 
2105 74 310 336 354 
2106 372 370 415 917 
2107 352 861 434 899 
2108 636 788 595 913 
2109 563 281 827 913 
2110 266 325 57 186 
2111 590 591 832 866 
2112 777 848 668 949 
2113 146 155 150 854 
2114 623 622 707 882 
2115 455 811 529 891 
2116 788 827 732 932 
2117 495 525 505 920 
2118 652 760 794 912 
2119 688 689 641 938 
2120 731 805 790 929 
2121 706 679 708 838 
2122 653 789 694 914 
2123 573 680 844 893 
2124 478 482 479 868 
2125 364 539 100 398 
2126 680 573 143 893 
2127 850 892 744 906 
2128 583 586 585 940 
2129 212 241 163 840 
2130 455 699 811 891 
2131 584 585 587 940 
2132 497 537 542 902 
2133 582 675 863 896 
2134 433 427 374 820 
2135 645 628 647 837 
2136 616 795 775 935 
2137 506 472 502 870 
2138 726 806 772 941 
2139 655 564 828 833 
2140 304 834 349 890 
2141 173 188 190 877 
2142 589 867 762 882 
2143 580 578 802 863 
2144 567 664 814 874 
2145 705 720 568 891 
2146 189 184 182 937 
2147 220 170 51 285 
2148 564 702 474 833 
2149 733 745 825 896 
2150 221 206 166 892 
2151 599 596 598 831 
2152 354 379 414 733 
2153 167 834 179 948 
2154 226 753 757 784 
2155 658 839 794 841 
2156 436 446 803 910 
2157 584 587 808 940 
2158 588 589 587 867 
2159 456 447 698 829 
2160 826 931 916 944 
2161 679 612 616 935 
2162 296 331 325 865 
2163 741 916 826 931 
2164 648 629 609 912 
2165 536 760 197 928 
2166 749 766 830 860 
2167 419 747 386 871 
2168 737 753 831 904 
2169 780 810 601 831 
2170 777 879 759 949 
2171 651 789 653 914 
2172 563 259 281 913 
2173 580 863 802 947 
2174 541 466 506 773 
2175 723 563 281 827 
2176 108 399 361 477 
2177 361 376 107 503 
2178 149 150 154 854 
2179 254 242 255 882 
2180 75 352 244 861 
2181 759 839 778 879 
2182 374 371 372 933 
2183 322 278 333 877 
2184 581 782 783 802 
2185 523 366 101 398 
2186 260 272 718 893 
2187 669 684 625 901 
2188 651 864 789 914 
2189 490 445 475 910 
2190 585 790 867 940 
2191 735 828 772 926 
2192 196 740 199 883 
2193 277 321 324 922 
2194 512 32 197 760 
2195 268 347 317 812 
2196 39 229 439 542 
2197 401 68 358 330 
2198 687 715 565 858 
2199 414 379 352 861 
2200 282 252 297 909 
2201 198 781 753 791 
2202 100 451 539 364 
2203 229 537 172 902 
2204 445 490 471 878 
2205 744 892 850 945 
2206 754 866 768 888 
2207 732 904 788 932 
2208 254 255 792 882 
2209 220 872 195 922 
2210 582 836 671 896 
2211 190 188 224 729 
2212 461 407 533 856 
2213 688 787 664 874 
2214 638 784 757 869 
2215 503 541 477 773 
2216 177 215 234 823 
2217 515 160 459 878 
2218 620 684 685 901 
2219 733 815 745 896 
2220 736 773 804 934 
2221 513 529 755 891 
2222 163 247 59 212 
2223 430 386 362 747 
2224 571 701 95 263 
2225 698 568 125 456 
2226 197 742 199 928 
2227 726 924 887 926 
2228 280 261 895 913 
2229 131 457 700 570 
2230 349 167 60 344 
2231 815 733 844 896 
2232 282 320 263 895 
2233 733 749 884 894 
2234 509 508 468 823 
2235 759 843 777 927 
2236 614 808 756 836 
2237 527 168 760 789 
2238 487 524 488 921 
2239 621 686 721 811 
2240 328 329 250 797 
2241 724 908 851 942 
2242 52 171 220 298 
2243 410 755 750 782 
2244 226 753 784 791 
2245 735 849 747 871 
2246 783 745 836 863 
2247 196 160 515 878 
2248 142 680 143 943 
2249 569 142 141 943 
2250 454 789 653 876 
2251 370 881 415 917 
2252 181 853 229 902 
2253 672 815 691 896 
2254 408 397 426 812 
2255 775 833 708 838 
2256 346 358 68 330 
2257 212 247 59 344 
2258 757 788 595 869 
2259 518 524 489 921 
2260 387 388 385 885 
2261 524 496 488 835 
2262 756 808 673 858 
2263 431 372 353 917 
2264 658 841 794 930 
2265 583 805 940 947 
2266 584 808 836 940 
2267 613 620 619 907 
2268 481 499 892 945 
2269 764 814 785 943 
2270 496 537 497 902 
2271 242 723 281 882 
2272 219 198 748 753 
2273 772 780 734 852 
2274 621 721 699 811 
2275 269 255 256 882 
2276 668 799 684 848 
2277 428 377 379 730 
2278 409 826 916 944 
2279 398 394 364 845 
2280 404 428 745 783 
2281 636 678 827 913 
2282 743 822 917 919 
2283 226 751 224 791 
2284 850 892 499 945 
2285 630 657 839 911 
2286 635 586 682 929 
2287 611 612 608 935 
2288 271 298 321 922 
2289 380 826 409 944 
2290 732 788 768 832 
2291 473 504 734 876 
2292 239 172 183 902 
2293 422 147 156 856 
2294 726 887 735 926 
2295 636 788 827 832 
2296 786 918 805 929 
2297 724 899 826 908 
2298 682 681 618 929 
2299 670 141 140 860 
2300 728 785 764 814 
2301 328 327 276 862 
2302 569 860 825 943 
2303 53 280 334 932 
2304 768 806 763 888 
2305 462 492 519 871 
2306 532 145 158 875 
2307 386 419 362 747 
2308 136 135 667 934 
2309 690 855 689 874 
2310 669 802 578 848 
2311 545 43 216 177 
2312 136 562 137 934 
2313 733 825 764 943 
2314 300 79 257 412 
2315 707 678 563 827 
2316 533 151 510 856 
2317 830 777 927 949 
2318 790 586 929 940 
2319 95 701 251 263 
2320 422 368 147 856 
2321 462 448 492 775 
2322 590 832 762 866 
2323 444 457 700 131 
2324 336 756 354 815 
2325 592 590 591 832 
2326 162 297 55 190 
2327 688 644 646 938 
2328 354 404 745 756 
2329 371 375 403 933 
2330 377 361 378 730 
2331 417 388 390 885 
2332 134 695 803 946 
2333 582 579 580 863 
2334 776 908 843 942 
2335 252 253 278 785 
2336 595 788 757 913 
2337 760 789 748 864 
2338 539 451 483 845 
2339 739 889 816 936 
2340 280 895 757 913 
2341 167 178 179 834 
2342 468 120 554 551 
2343 806 846 763 941 
2344 639 757 895 913 
2345 400 360 382 859 
2346 309 348 284 861 
2347 749 825 766 860 
2348 322 173 190 877 
2349 252 746 297 909 
2350 360 400 411 859 
2351 486 489 487 921 
2352 757 904 202 932 
2353 386 385 417 885 
2354 392 393 396 842 
2355 669 577 668 848 
2356 452 564 828 876 
2357 366 543 420 889 
2358 458 485 487 859 
2359 761 902 835 923 
2360 54 320 343 162 
2361 474 452 564 828 
2362 650 789 651 864 
2363 724 843 851 927 
2364 726 772 734 926 
2365 136 566 135 946 
2366 624 782 907 918 
2367 241 228 163 840 
2368 497 439 538 853 
2369 379 378 434 884 
2370 623 692 792 882 
2371 217 161 181 853 
2372 105 492 535 362 
2373 680 893 143 943 
2374 80 312 257 431 
2375 734 852 748 864 
2376 167 212 60 344 
2377 145 532 467 875 
2378 785 814 746 874 
2379 134 135 695 946 
2380 381 409 380 826 
2381 733 844 825 943 
2382 481 528 499 945 
2383 151 533 156 856 
2384 741 921 835 937 
2385 167 179 180 948 
2386 410 404 758 783 
2387 425 353 415 917 
2388 222 187 184 937 
2389 766 825 745 863 
2390 619 621 615 907 
2391 203 194 236 737 
2392 354 74 310 414 
2393 528 845 451 945 
2394 775 795 616 829 
2395 643 594 597 869 
2396 782 795 755 907 
2397 784 791 643 938 
2398 735 833 775 838 
2399 708 833 655 838 
2400 606 649 648 864 
2401 750 782 755 907 
2402 799 848 802 901 
2403 608 679 838 935 
2404 622 827 762 832 
2405 229 161 39 439 
2406 447 698 125 456 
2407 439 497 542 853 
2408 32 536 512 197 
2409 642 563 678 913 
2410 654 655 564 828 
2411 735 775 747 935 
2412 404 377 428 783 
2413 463 469 470 887 
2414 428 379 354 745 
2415 697 123 455 574 
2416 726 734 924 926 
2417 767 736 804 934 
2418 300 265 78 433 
2419 213 507 532 875 
2420 805 929 586 940 
2421 730 766 749 884 
2422 846 849 763 941 
2423 243 253 785 893 
2424 672 674 815 905 
2425 527 168 32 760 
2426 181 161 229 853 
2427 260 704 262 815 
2428 211 168 31 789 
2429 635 591 588 866 
2430 499 500 441 850 
2431 278 297 252 746 
2432 496 524 440 835 
2433 136 137 879 934 
2434 723 827 281 882 
2435 348 273 310 844 
2436 759 927 777 949 
2437 663 606 604 852 
2438 760 794 928 930 
2439 612 918 795 935 
2440 520 443 420 103 
2441 355 78 265 433 
2442 489 516 459 793 
2443 253 785 252 909 
2444 756 815 336 905 
2445 230 177 42 559 
2446 296 800 293 931 
2447 198 742 197 760 
2448 800 908 826 931 
2449 707 622 678 827 
2450 755 795 362 829 
2451 222 184 189 937 
2452 269 276 326 862 
2453 90 254 692 242 
2454 778 787 769 898 
2455 473 31 527 789 
2456 211 734 491 924 
2457 430 384 386 731 
2458 568 710 705 829 
2459 643 791 784 869 
2460 535 755 362 829 
2461 563 827 678 913 
2462 783 805 660 947 
2463 198 760 748 781 
2464 385 386 384 731 
2465 376 755 529 811 
2466 691 815 844 896 
2467 587 867 808 940 
2468 219 737 203 753 
2469 422 156 533 856 
2470 706 607 679 838 
2471 399 411 378 857 
2472 879 934 767 946 
2473 749 830 769 860 
2474 260 844 273 893 
2475 304 345 246 834 
2476 638 757 784 895 
2477 636 827 788 913 
2478 554 511 120 468 
2479 322 297 278 746 
2480 191 210 193 868 
2481 673 808 677 858 
2482 492 476 535 829 
2483 348 310 284 733 
2484 777 879 137 934 
2485 492 419 519 871 
2486 640 689 855 938 
2487 342 756 319 858 
2488 477 361 107 503 
2489 443 420 543 889 
2490 803 804 134 946 
2491 312 80 353 431 
2492 730 802 750 848 
2493 752 808 756 900 
2494 745 863 825 896 
2495 729 199 742 883 
2496 226 784 751 791 
2497 620 782 625 901 
2498 459 518 489 793 
2499 727 843 851 942 
2500 293 309 244 861 
2501 236 872 171 904 
2502 451 528 483 845 
2503 803 841 575 910 
2504 254 255 283 792 
2505 567 689 688 874 
2506 490 515 878 928 
2507 742 740 794 839 
2508 120 468 553 551 
2509 427 375 374 933 
2510 54 202 334 895 
2511 735 747 813 935 
2512 639 693 642 895 
2513 349 304 246 834 
2514 785 874 746 909 
2515 225 193 210 868 
2516 175 45 314 232 
2517 649 648 864 912 
2518 390 432 889 936 
2519 751 784 162 855 
2520 760 794 197 928 
2521 231 153 176 875 
2522 535 513 755 829 
2523 847 880 744 939 
2524 553 545 551 823 
2525 490 196 515 928 
2526 708 722 655 833 
2527 139 898 138 949 
2528 409 916 427 944 
2529 740 878 727 883 
2530 139 577 830 949 
2531 729 787 778 837 
2532 750 802 799 848 
2533 668 138 137 949 
2534 139 138 577 949 
2535 199 729 188 883 
2536 319 756 336 905 
2537 514 470 517 887 
2538 420 356 520 103 
2539 767 934 804 946 
2540 752 836 940 947 
2541 766 802 578 863 
2542 734 780 748 852 
2543 550 43 216 545 
2544 707 622 827 882 
2545 844 893 680 943 
2546 637 678 636 913 
2547 155 232 13 214 
2548 539 523 101 398 
2549 213 532 231 875 
2550 427 400 375 916 
2551 394 429 395 939 
2552 158 153 231 875 
2553 733 884 861 894 
2554 196 878 515 928 
2555 377 404 410 783 
2556 315 63 174 338 
2557 45 339 314 232 
2558 144 272 243 893 
2559 750 755 811 907 
2560 404 383 752 756 
2561 565 89 264 715 
2562 233 174 63 338 
2563 351 293 323 800 
2564 688 874 689 938 
2565 378 379 377 730 
2566 442 481 498 892 
2567 792 808 677 867 
2568 738 790 752 867 
2569 71 387 365 862 
2570 501 528 451 945 
2571 311 827 281 913 
2572 492 775 476 829 
2573 733 764 844 943 
2574 253 243 785 909 
2575 157 16 148 317 
2576 334 202 757 895 
2577 565 715 264 858 
2578 654 564 653 876 
2579 254 792 283 858 
2580 202 784 757 895 
2581 490 910 475 928 
2582 672 815 756 905 
2583 384 752 383 900 
2584 736 767 804 870 
2585 71 365 326 862 
2586 219 168 211 734 
2587 362 755 410 795 
2588 684 799 685 901 
2589 742 729 778 837 
2590 780 810 748 864 
2591 615 829 795 907 
2592 813 838 772 941 
2593 750 802 782 901 
2594 756 858 673 905 
2595 363 69 401 350 
2596 149 146 150 854 
2597 447 775 448 833 
2598 702 564 474 127 
2599 730 750 799 848 
2600 266 173 322 877 
2601 748 852 780 864 
2602 851 908 770 942 
2603 497 494 496 923 
2604 738 752 808 867 
2605 752 940 783 947 
2606 13 155 214 150 
2607 783 940 805 947 
2608 712 87 704 262 
2609 407 97 533 422 
2610 254 264 89 715 
2611 746 874 855 909 
2612 615 795 613 907 
2613 652 714 696 930 
2614 688 787 874 938 
2615 584 582 583 947 
2616 650 663 654 876 
2617 583 580 660 947 
2618 259 261 280 913 
2619 498 481 499 892 
2620 653 789 650 876 
2621 432 366 390 889 
2622 676 675 671 896 
2623 650 864 852 876 
2624 575 841 696 910 
2625 350 363 69 250 
2626 202 53 334 932 
2627 158 532 20 145 
2628 681 586 805 929 
2629 513 106 535 755 
2630 754 832 768 866 
2631 194 203 219 737 
2632 520 519 104 871 
2633 73 319 342 756 
2634 187 186 240 865 
2635 160 515 34 196 
2636 578 802 766 848 
2637 510 540 461 856 
2638 206 205 237 906 
2639 750 811 901 907 
2640 220 171 195 872 
2641 627 911 781 912 
2642 443 484 522 889 
2643 729 751 787 837 
2644 406 421 460 115 
2645 77 292 380 944 
2646 390 389 432 936 
2647 491 211 31 473 
2648 474 702 435 833 
2649 826 908 741 931 
2650 471 526 472 870 
2651 196 490 33 928 
2652 181 853 902 948 
2653 448 447 476 775 
2654 276 270 277 873 
2655 168 527 31 789 
2656 694 789 454 914 
2657 562 799 777 934 
2658 749 724 884 894 
2659 335 258 290 880 
2660 734 748 789 864 
2661 828 833 735 838 
2662 336 319 73 756 
2663 14 146 339 155 
2664 748 781 760 912 
2665 473 734 789 876 
2666 756 858 342 900 
2667 772 828 735 838 
2668 577 848 830 949 
2669 16 157 340 317 
2670 416 358 67 346 
2671 777 799 668 848 
2672 690 713 640 855 
2673 758 805 786 918 
2674 752 783 836 947 
2675 753 791 781 810 
2676 139 830 898 949 
2677 693 261 93 709 
2678 762 832 754 866 
2679 254 264 715 858 
2680 430 404 384 752 
2681 181 179 217 948 
2682 185 217 179 903 
2683 173 56 322 190 
2684 106 513 529 755 
2685 695 841 803 946 
2686 454 694 129 711 
2687 145 532 20 467 
2688 334 757 280 895 
2689 806 813 772 941 
2690 656 794 911 912 
2691 738 808 752 900 
2692 730 766 802 848 
2693 768 737 806 831 
2694 146 274 14 339 
2695 630 627 629 911 
2696 311 281 259 913 
2697 71 327 387 862 
2698 506 446 472 870 
2699 431 257 79 412 
2700 526 870 471 878 
2701 608 838 813 935 
2702 748 760 168 789 
2703 292 77 265 944 
2704 533 461 97 407 
2705 464 463 514 926 
2706 476 775 447 829 
2707 463 887 514 926 
2708 203 202 753 904 
2709 794 839 657 911 
2710 362 105 492 419 
2711 690 576 701 909 
2712 224 198 226 791 
2713 366 543 523 101 
2714 77 355 265 944 
2715 389 413 402 936 
2716 584 836 582 947 
2717 203 753 737 904 
2718 147 159 151 856 
2719 791 837 645 938 
2720 421 534 460 115 
2721 190 224 162 751 
2722 683 136 137 879 
2723 198 168 748 760 
2724 758 786 747 918 
2725 640 689 690 855 
2726 532 158 231 875 
2727 730 799 777 848 
2728 153 145 154 875 
2729 769 778 729 787 
2730 77 380 355 944 
2731 659 662 682 888 
2732 336 73 354 756 
2733 677 808 792 858 
2734 171 202 904 932 
2735 365 387 385 862 
2736 650 852 663 876 
2737 700 575 696 910 
2738 491 734 504 926 
2739 260 273 272 893 
2740 242 692 723 882 
2741 243 272 253 893 
2742 669 802 848 901 
2743 655 833 828 838 
2744 724 884 861 899 
2745 194 924 164 925 
2746 354 756 745 815 
2747 407 368 422 856 
2748 738 792 762 867 
2749 168 197 32 760 
2750 799 802 750 901 
2751 520 104 356 871 
2752 582 863 836 896 
2753 362 410 430 795 
2754 454 452 789 876 
2755 195 872 194 925 
2756 695 658 696 841 
2757 372 415 353 917 
2758 326 327 71 862 
2759 861 884 724 894 
2760 654 828 564 876 
2761 705 568 829 891 
2762 734 772 852 876 
2763 789 864 760 914 
2764 810 831 753 869 
2765 236 195 171 872 
2766 750 901 782 907 
2767 376 750 755 811 
2768 298 271 311 932 
2769 752 805 783 940 
2770 275 83 555 547 
2771 303 301 304 890 
2772 799 684 848 901 
2773 448 462 449 833 
2774 411 381 378 899 
2775 341 85 548 556 
2776 537 229 38 542 
2777 181 902 239 948 
2778 762 827 622 882 
2779 435 447 448 833 
2780 510 461 533 856 
2781 386 417 356 871 
2782 763 813 806 941 
2783 753 810 737 831 
2784 474 702 127 435 
2785 507 467 532 875 
2786 346 67 416 258 
2787 617 624 611 918 
2788 272 313 253 893 
2789 266 333 323 877 
2790 355 409 427 944 
2791 193 227 192 915 
2792 469 462 519 871 
2793 772 806 780 852 
2794 769 898 830 927 
2795 281 827 256 882 
2796 673 687 565 858 
2797 769 830 749 927 
2798 613 907 795 918 
2799 298 53 171 932 
2800 787 814 664 874 
2801 224 729 199 742 
2802 319 858 756 905 
2803 584 583 940 947 
2804 202 226 753 757 
2805 397 19 152 157 
2806 513 755 829 891 
2807 139 560 138 898 
2808 783 863 836 947 
2809 344 304 349 890 
2810 338 83 555 275 
2811 260 815 310 844 
2812 213 176 235 875 
2813 198 753 226 791 
2814 151 156 147 856 
2815 503 455 453 811 
2816 19 397 423 157 
2817 432 389 402 936 
2818 473 504 491 734 
2819 693 571 94 263 
2820 391 118 556 552 
2821 433 79 300 412 
2822 172 229 38 537 
2823 732 762 827 832 
2824 503 453 773 811 
2825 381 352 434 899 
2826 211 164 194 924 
2827 415 370 373 881 
2828 693 571 263 895 
2829 548 318 85 341 
2830 266 56 322 173 
2831 459 515 34 160 
2832 270 321 277 873 
2833 369 373 370 881 
2834 543 484 443 889 
2835 223 204 206 906 
2836 732 827 788 832 
2837 409 400 427 916 
2838 718 144 573 893 
2839 696 700 910 930 
2840 143 573 144 893 
2841 829 891 755 907 
2842 272 273 313 893 
2843 784 855 640 895 
2844 30 211 491 924 
2845 735 838 813 941 
2846 446 471 472 870 
2847 640 855 784 938 
2848 564 474 828 833 
2849 519 419 104 871 
2850 577 668 848 949 
2851 236 194 195 872 
2852 491 924 734 926 
2853 188 199 224 729 
2854 248 47 46 200 
2855 769 759 898 927 
2856 488 496 494 923 
2857 176 231 11 153 
2858 271 256 281 827 
2859 584 583 585 940 
2860 197 199 196 928 
2861 535 106 362 755 
2862 582 836 863 947 
2863 341 267 82 405 
2864 452 828 504 876 
2865 700 444 910 930 
2866 692 707 723 882 
2867 177 545 42 559 
2868 181 229 172 902 
2869 648 656 629 912 
2870 570 457 700 930 
2871 23 507 532 213 
2872 164 30 438 924 
2873 202 226 757 784 
2874 464 504 828 926 
2875 620 625 684 901 
2876 428 354 404 745 
2877 280 913 757 932 
2878 455 503 529 811 
2879 162 751 226 784 
2880 151 510 22 533 
2881 734 789 852 864 
2882 242 281 256 882 
2883 113 450 359 112 
2884 404 430 410 758 
2885 758 747 795 918 
2886 474 504 452 828 
2887 356 104 419 871 
2888 556 424 118 391 
2889 231 158 11 153 
2890 49 48 249 207 
2891 767 804 803 946 
2892 305 48 47 169 
2893 444 475 445 910 
2894 436 445 446 910 
2895 655 722 702 833 
2896 420 390 366 889 
2897 519 520 469 871 
2898 253 252 243 909 
2899 756 808 752 836 
2900 251 252 282 909 
2901 354 383 404 756 
2902 641 644 688 938 
2903 420 543 366 102 
2904 410 376 750 755 
2905 444 700 457 930 
2906 94 261 693 263 
2907 615 613 619 907 
2908 620 782 901 907 
2909 284 310 74 414 
2910 283 858 792 900 
2911 531 41 215 508 
2912 750 811 799 901 
2913 780 806 737 831 
2914 650 789 864 876 
2915 762 867 792 882 
2916 738 808 792 867 
2917 147 422 17 368 
2918 693 713 571 895 
2919 405 82 341 424 
2920 296 293 294 931 
2921 555 550 44 233 
2922 197 198 199 742 
2923 326 72 299 900 
2924 110 111 382 458 
2925 475 910 444 930 
2926 299 283 255 792 
2927 144 8 243 272 
2928 133 10 465 436 
2929 22 151 533 156 
2930 202 171 53 932 
2931 271 281 311 827 
2932 116 546 367 421 
2933 114 505 369 113 
2934 112 493 403 111 
2935 378 361 399 857 
2936 748 760 864 912 
2937 608 612 679 935 
2938 550 216 44 233 
2939 711 128 452 564 
2940 434 378 381 899 
2941 73 342 383 756 
2942 694 714 651 914 
2943 70 69 363 250 
2944 515 490 33 196 
2945 742 839 794 911 
2946 266 57 56 173 
2947 34 35 459 160 
2948 361 377 376 750 
2949 326 365 72 900 
2950 30 164 211 924 
2951 142 569 680 943 
2952 171 52 53 298 
2953 219 203 198 753 
2954 260 310 273 844 
2955 231 23 532 213 
2956 421 116 546 557 
2957 383 756 342 900 
2958 215 230 41 531 
2959 292 265 294 944 
2960 284 244 309 861 
2961 314 46 45 175 
2962 68 401 350 330 
2963 20 21 145 467 
2964 792 808 738 900 
2965 423 408 64 340 
2966 536 475 512 930 
2967 245 321 298 922 
2968 509 495 538 920 
2969 746 751 855 874 
2970 181 172 239 902 
2971 214 12 13 150 
2972 785 893 764 943 
2973 24 25 441 165 
2974 586 681 682 929 
2975 274 14 15 146 
2976 365 384 383 900 
2977 742 837 778 911 
2978 808 858 756 900 
2979 340 408 64 268 
2980 209 49 50 286 
2981 334 280 261 895 
2982 242 692 90 723 
2983 322 55 297 190 
2984 718 272 144 893 
2985 148 16 15 317 
2986 136 667 562 934 
2987 100 99 451 364 
2988 384 404 383 752 
2989 752 836 808 940 
2990 735 772 838 941 
2991 383 354 73 756 
2992 213 231 176 875 
2993 491 514 924 926 
2994 29 28 191 478 
2995 758 795 782 918 
2996 422 17 156 147 
2997 30 491 438 924 
2998 26 27 442 166 
2999 61 62 178 246 
3000 106 529 376 755 
3001 360 109 110 485 
3002 174 62 63 315 
3003 265 77 78 355 
3004 582 863 580 947 
3005 80 81 312 353 
3006 552 391 118 117 
3007 790 929 805 940 
3008 192 195 194 925 
3009 153 158 145 875 
3010 30 29 164 438 
3011 255 242 256 882 
3012 747 918 786 935 
3013 244 75 76 352 
3014 31 30 211 491 
3015 639 713 693 895 
3016 720 697 568 891 
3017 198 197 168 760 
3018 707 692 623 882 
3019 326 276 327 862 
3020 696 910 841 930 
3021 456 476 447 829 
3022 318 85 84 548 
3023 709 563 259 92 
3024 375 371 374 933 
3025 395 418 393 939 
3026 124 568 697 891 
3027 526 515 459 878 
3028 802 863 783 947 
3029 495 509 525 920 
3030 296 294 331 931 
3031 205 206 204 906 
3032 737 810 780 831 
3033 181 239 180 948 
3034 311 259 280 913 
3035 311 913 280 932 
3036 152 18 19 397 
3037 456 513 829 891 
3038 109 399 108 437 
3039 336 815 262 905 
3040 513 455 529 891 
3041 156 533 4 422 
3042 157 423 3 340 
3043 232 1 339 155 
3044 556 341 7 424 
3045 233 6 555 338 
3046 689 874 855 938 
3047 784 855 751 938 
3048 344 303 304 890 
3049 243 717 8 144 
3050 2 532 158 231 
3051 17 18 147 368 
3052 10 133 716 436 
3053 852 864 789 876 
3054 695 135 566 946 
3055 795 907 782 918 
3056 557 421 9 534 
3057 781 837 742 911 
3058 470 514 463 887 
3059 466 541 503 773 
3060 108 361 107 477 
3061 794 841 928 930 
3062 203 171 202 904 
3063 302 316 345 919 
3064 584 940 836 947 
3065 420 443 543 102 
3066 261 259 93 709 
3067 218 199 188 883 
3068 376 362 106 755 
3069 129 452 454 711 
3070 324 321 245 922 
3071 454 789 527 914 
3072 436 716 132 910 
3073 302 332 316 919 
3074 778 839 742 911 
3075 170 50 51 285 
3076 419 386 356 871 
3077 28 27 210 479 
3078 395 393 394 939 
3079 260 262 310 815 
3080 473 789 452 876 
3081 546 367 117 116 
3082 717 243 96 909 
3083 747 775 795 935 
3084 491 514 438 924 
3085 454 452 473 789 
3086 787 837 751 938 
3087 192 194 164 925 
3088 448 476 492 775 
3089 263 261 693 895 
3090 272 144 8 718 
3091 473 452 504 876 
3092 123 453 455 574 
3093 336 73 74 354 
3094 76 77 292 380 
3095 383 752 756 900 
3096 536 928 475 930 
3097 114 406 460 115 
3098 300 78 79 433 
3099 788 904 757 932 
3100 72 71 365 326 
3101 10 465 719 133 
3102 98 97 461 407 
3103 224 199 198 742 
3104 453 466 503 773 
3105 179 181 180 948 
3106 298 280 53 932 
3107 238 227 193 915 
3108 40 39 161 439 
3109 226 203 202 753 
3110 795 918 747 935 
3111 794 841 740 928 
3112 84 83 275 547 
3113 203 226 198 753 
3114 196 33 197 928 
3115 565 674 673 905 
3116 528 501 499 945 
3117 700 696 570 930 
3118 168 219 198 748 
3119 510 22 21 151 
3120 55 54 343 162 
3121 23 24 507 213 
3122 216 44 43 550 
3123 380 409 355 944 
3124 257 79 80 431 
3125 554 534 557 121 
3126 668 577 138 949 
3127 5 230 559 531 
3128 283 792 299 900 
3129 59 58 247 163 
3130 855 874 751 938 
3131 568 456 829 891 
3132 362 535 105 106 
3133 383 73 72 342 
3134 543 366 102 101 
3135 32 33 536 197 
3136 794 839 740 841 
3137 789 734 852 876 
3138 536 197 33 928 
3139 474 449 464 828 
3140 41 40 215 508 
3141 487 489 524 921 
3142 474 449 828 833 
3143 130 570 694 914 
3144 751 791 784 938 
3145 582 580 583 947 
3146 185 234 217 903 
3147 202 162 226 784 
3148 260 704 87 262 
3149 474 435 449 833 
3150 33 34 515 196 
3151 283 342 319 858 
3152 417 385 388 885 
3153 319 264 283 858 
3154 751 874 787 938 
3155 176 11 12 153 
3156 456 513 476 829 
3157 71 70 387 327 
3158 81 82 267 405 
3159 101 100 539 398 
3160 637 642 678 913 
3161 408 65 64 268 
3162 60 61 167 349 
3163 786 813 747 935 
3164 58 57 325 186 
3165 792 858 808 900 
3166 68 67 358 346 
3167 322 56 55 190 
3168 35 36 518 189 
3169 72 365 383 900 
3170 106 107 376 529 
3171 714 570 696 930 
3172 554 534 121 511 
3173 532 2 23 231 
3174 533 4 22 156 
3175 157 3 16 340 
3176 339 45 1 232 
3177 6 83 555 338 
3178 534 421 9 115 
3179 341 82 7 424 
3180 230 5 41 531 
3181 233 63 6 338 
3182 565 673 858 905 
3183 11 2 158 231 
3184 168 32 31 527 
3185 410 362 376 755 
3186 565 88 712 905 
3187 105 519 492 419 
3188 764 893 844 943 
3189 196 199 218 883 
3190 310 262 336 815 
3191 99 98 530 392 
3192 172 38 37 537 
3193 790 805 752 940 
3194 533 97 4 422 
3195 423 64 3 340 
3196 712 674 565 905 
3197 128 474 452 564 
3198 575 700 716 910 
3199 69 68 401 350 
3200 717 701 576 909 
3201 266 322 333 877 
3202 410 376 377 750 
3203 342 858 283 900 
3204 36 37 440 182 
3205 443 420 103 102 
3206 498 25 26 221 
3207 342 72 383 900 
3208 202 53 54 334 
3209 3 19 423 157 
3210 44 6 555 233 
3211 468 119 553 531 
3212 653 650 654 876 
3213 212 59 60 344 
3214 91 242 723 281 
3215 42 43 545 177 
3216 264 858 319 905 
3217 535 476 513 829 
3218 559 553 119 531 
3219 13 1 232 155 
3220 474 464 504 828 
3221 356 104 520 103 
3222 120 468 119 553 
3223 319 336 262 905 
3224 436 132 444 910 
3225 254 283 264 858 
3226 243 251 96 909 
3227 491 504 464 926 
3228 226 162 224 751 
3229 694 570 714 914 
3230 236 171 203 904 
3231 7 556 424 118 
3232 1 14 339 155 
3233 92 563 259 281 
3234 532 20 2 158 
3235 66 65 357 337 
3236 788 757 913 932 
3237 156 4 17 422 
3238 74 75 284 414 
3239 491 464 514 926 
3240 7 85 341 556 
3241 714 914 570 930 
3242 454 130 694 914 
3243 67 66 416 258 
3244 457 570 130 914 
3245 9 116 421 557 
3246 220 51 52 245 
3247 122 453 574 719 
3248 435 448 449 833 
3249 718 86 272 260 
3250 511 121 554 120 
3251 9 557 534 121 
3252 453 122 465 719 
3253 251 96 701 95 
3254 700 132 444 131 
3255 490 536 33 928 
3256 559 119 5 531 
3257 230 42 5 559 
3258 444 457 475 930 
3259 454 527 512 914 
3260 471 490 515 878 
3261 723 563 91 281 
3262 124 697 455 891 
3263 795 829 755 907 
3264 263 320 261 895 
3265 124 456 568 891 
3266 527 454 473 789 
3267 454 457 130 914 
3268 836 863 745 896 
3269 86 718 704 260 
3270 457 570 914 930 
3271 105 104 519 419 
3272 564 128 474 127 
3273 436 444 445 910 
3274 751 837 791 938 
3275 243 252 251 909 
3276 126 698 125 447 
3277 342 299 72 900 
3278 515 526 471 878 
3279 536 490 475 928 
3280 465 122 10 719 
3281 124 123 455 697 
3282 8 86 272 718 
3283 565 858 264 905 
3284 261 320 334 895 
3285 712 88 262 905 
3286 565 264 88 905 
3287 8 717 243 96 
3288 716 132 10 436 
3289 298 311 280 932 
3290 342 283 299 900 
3291 702 127 435 126 
3292 457 454 512 914 
3293 563 92 91 281 
3294 229 39 38 542 
3295 124 455 456 891 
3296 568 125 456 124 
3297 456 455 513 891 
3298 693 93 261 94 
3299 129 130 694 454 
3300 723 90 242 91 
3301 254 89 90 715 
3302 712 88 87 262 
3303 264 262 88 905 
3304 87 86 704 260 
3305 264 319 262 905 
3306 574 123 453 122 
3307 88 89 264 565 
3308 95 94 571 263 
3309 130 457 131 570 
3310 259 93 709 92 
3311 128 452 129 711 
3312 868 889 818 482 
3313 818 889 868 739 
3314 942 870 843 776 
3315 942 843 870 727 
3316 822 367 552 798 
3317 822 552 367 391 
3318 868 889 816 739 
3319 816 889 868 484 
3320 885 739 886 797 
3321 885 886 739 765 
3322 882 270 827 256 
3323 882 827 270 762 
3324 847 396 812 426 
3325 847 812 396 842 
3326 856 812 396 426 
3327 856 396 812 842 
3328 881 450 495 807 
3329 881 495 450 505 
3330 936 401 797 389 
3331 936 797 401 897 
3332 875 159 856 145 
3333 875 856 159 771 
3334 846 922 873 779 
3335 873 922 846 732 
3336 853 494 495 497 
3337 853 495 494 807 
3338 522 887 517 470 
3339 517 887 522 818 
3340 715 792 858 687 
3341 858 792 715 254 
3342 437 360 859 485 
3343 437 859 360 399 
3344 890 295 840 303 
3345 890 840 295 820 
3346 910 490 841 928 
3347 901 581 669 802 
3348 901 669 581 625 
3349 860 728 769 749 
3350 860 769 728 814 
3351 845 892 483 774 
3352 845 483 892 481 
3353 480 483 892 774 
3354 480 892 483 481 
3355 329 873 328 277 
3356 328 873 329 797 
3357 521 887 522 470 
3358 522 887 521 765 
3359 634 888 806 659 
3360 806 888 634 763 
3361 894 927 728 749 
3362 728 927 894 851 
3363 857 541 773 477 
3364 857 773 541 736 
3365 814 665 140 769 
3366 814 140 665 664 
3367 886 873 846 725 
3368 886 846 873 779 
3369 883 759 851 727 
3370 883 851 759 729 
3371 903 216 823 801 
3372 903 823 216 234 
3373 392 451 99 364 
3374 392 99 451 530 
3375 895 54 162 320 
3376 162 343 895 320 
3377 895 343 162 784 
3378 865 228 163 240 
3379 865 163 228 840 
3380 574 773 811 699 
3381 811 773 574 453 
3382 811 455 574 699 
3383 574 455 811 453 
3384 313 894 348 309 
3385 348 894 313 764 
3386 719 773 804 465 
3387 804 773 719 703 
3388 804 133 719 465 
3389 719 133 804 703 
3390 357 258 66 337 
3391 66 258 357 416 
3392 899 730 724 884 
3393 899 724 730 857 
3394 898 140 830 139 
3395 898 830 140 769 
3396 855 297 162 746 
3397 855 162 297 343 
3398 709 913 261 259 
3399 261 913 709 642 
3400 317 146 854 274 
3401 854 146 317 148 
3402 380 899 861 352 
3403 861 899 380 826 
3404 877 187 188 770 
3405 877 188 187 173 
3406 920 511 823 509 
3407 920 823 511 798 
3408 876 711 454 452 
3409 876 454 711 653 
3410 392 461 98 530 
3411 392 98 461 407 
3412 220 285 922 170 
3413 922 285 220 245 
3414 885 356 390 417 
3415 885 390 356 765 
3416 917 807 743 817 
3417 917 743 807 881 
3418 623 867 677 589 
3419 677 867 623 792 
3420 885 387 797 862 
3421 885 797 387 388 
3422 929 617 618 786 
3423 929 618 617 681 
3424 903 178 179 185 
3425 903 179 178 834 
3426 877 186 187 865 
3427 877 187 186 173 
3428 351 861 894 309 
3429 894 861 351 800 
3430 844 718 704 573 
3431 844 704 718 260 
3432 832 662 593 768 
3433 832 593 662 591 
3434 548 275 801 547 
3435 548 801 275 318 
3436 810 869 791 631 
3437 791 869 810 753 
3438 897 250 329 797 
3439 897 329 250 291 
3440 922 271 873 321 
3441 922 873 271 732 
3442 837 224 729 751 
3443 837 729 224 742 
3444 891 907 811 755 
3445 811 907 891 621 
3446 869 904 831 753 
3447 831 904 869 788 
3448 895 343 282 320 
3449 895 282 343 855 
3450 911 656 657 794 
3451 911 657 656 629 
3452 947 581 802 580 
3453 947 802 581 783 
3454 946 740 803 767 
3455 946 803 740 841 
3456 855 297 909 282 
3457 855 909 297 746 
3458 763 929 618 786 
3459 618 929 763 888 
3460 815 712 905 674 
3461 815 905 712 262 
3462 268 357 65 337 
3463 268 65 357 408 
3464 314 232 854 175 
3465 854 232 314 339 
3466 430 795 747 362 
3467 747 795 430 758 
3468 512 930 928 536 
3469 928 930 512 914 
3470 928 760 512 536 
3471 512 760 928 914 
3472 895 638 640 784 
3473 895 640 638 639 
3474 867 752 940 790 
3475 867 940 752 808 
3476 609 912 810 864 
3477 609 810 912 781 
3478 748 810 912 864 
3479 748 912 810 781 
3480 926 876 772 734 
3481 926 772 876 828 
3482 896 756 745 836 
3483 896 745 756 815 
3484 177 559 823 545 
3485 823 559 177 230 
3486 876 772 663 828 
3487 876 663 772 852 
3488 930 512 457 475 
3489 930 457 512 914 
3490 910 132 700 716 
3491 910 700 132 444 
3492 96 909 701 717 
3493 701 909 96 251 
3494 910 490 878 841 
3495 878 490 910 445 
3496 878 803 910 841 
3497 910 803 878 445 
3498 162 895 202 54 
3499 202 895 162 784 
$EndElements
